10.5,Drama,172,1,707729162926
"10th Kingdom",Drama,"PO 89 90 91 92 93 94",2,707729109723
11:14,Drama,312,3,794043838927
"13 Going 30",Romance,"CDISK2 20",4,043396014213
"13th Child",Horror,308,5,039414581393
"15 Minutes",Action,"GP2 15 16",6,794043516627
"16 Blocks",Action,S9,7,012569810402
"2 B Perfectly Honest",Comedy,"CDISK2 13",8,723952077141
"2 Fast 2 Furious",Action,"BC 26 27",9,025192297526
"200 Cigarettes",Comedy,"RP 53 54",10,097363349341
"2001: A Space Odyssey ",Sci-Fi,"T1 82",11,663286201235
2046,Drama,S5,12,043396117303
"28 Days Later",Sci-Fi,"T1 81",13,024543088172
"28 Weeks Later",Drama,,14,024543469902
"29 Palms",Drama,176,15,012236138587
300,Action,,16,012569736627
"3000 Miles To Graceland",Action,"GP 91 92",17,085392118823
3-Way,Crime,314,18,043396034884
"40 Year Old Virgin",Comedy,380,19,025192870620
"44 Minutes: The North Hollywood Shoot-Out",Crime,170,20,024543099130
"6th Day",Sci-Fi,"T1 119",21,043396050747
"7 Seconds",Action,130,22,043396111349
8MM,Mystery,167,23,043396028548
"8MM 2",Crime,183,24,043396127203
"9 Deaths of A Ninja",Action,"T1 81",25,603497284726
A.I.,Sci-Fi,"T1 89",26,667068956726
Abandon,Drama,383,27,097363380542
"Abba: Gold: Greatest Hits",Musical,S4,28,602498075586
ABCD,Drama,"CDISK2 1",29,720917542522
Ablaze,Action,"RP 37",30,024543048985
"Abnormal Beauty",Horror,S10,31,842498030257
"About Schmidt",Comedy,"DVDW1 114",32,794043631924
Abraxas,Adventure,"DVDW1 24",33,787364442096
Absolon,Sci-Fi,S13,34,031398107040
"Absolute Agression",Sci-Fi,"CDISK2 7",35,039414520200
Abyss,Sci-Fi,"BO 75 76",36,024543037828
"Accidental Spy (2001)",Action,"T1 91",37,786936178265
"Ace Ventura: Pet Detective",Comedy,"GP 84",38,085392300020
"Active Stealth",Adventure,"BS 25 26",39,024543055679
"Acts of Worship",Drama,"DVDW2 74",40,829567018620
Adaptation,Comedy,"DVDW2 13",41,043396076013
Addicted,Drama,S10,42,601641644747
"Adventure of Pluto Nash",Comedy,"GP2 90",43,085391904120
Adventurers,Action,S13,44,601643428147
"Adventures of Sharkboy and Lavagirl",Action,230,45,786936292763
"Æon Flux",Action,S7,46,097363337348
"Agency Cody Banks 2",Action,"T1 76",47,027616906847
"Agent Cody Banks",Action,"CDP1 62 63 64 65 66 67",48,027616887412
"Air America",Adventure,"CDISK2 12",49,039414597134
"Air Force One",Action,"BO 3 4",50,043396718890
Airplane,Comedy,133,51,097360130546
"Airplane II",Comedy,"CDISK3 71",52,097360148947
Akira,Anime,204,53,013023153899
Aladdin,Animation,"T1 110 111",54,786936223996
"Aladdin and the King of Thieves",Family,"T1 83",55,786936460933
Alamo,Drama,S1,56,786936229035
"Alex and Emma",Comedy,"DVDW1 70",57,085392838721
Alexander,Action,"CDISK2 127 128",58,012569704565
Alien,Sci-Fi,378,59,086162000751
"Alien Lockdown",Sci-Fi,"CDISK1 32",60,687797600196
"Alien vs. Predator",Horror,"CDISK3 29 30",61,024543157090
"Alien Worlds",Sci-Fi,"BS3 80 81 82 83",62,787364453498
"Alien: Resurrection (1997)",Sci-Fi,"RP 1 2",63,086162000768
"Alone In The Dark",Horror,"CDISK1 64",64,012236173977
Amacord,Drama,233,65,037429121825
"American Beauty (Awards Edition)",Drama,"CDP1 13 14 15",66,667068538229
"American Haunting",Drama,S13,67,012236201410
"American Ninja",Action,"BO2 53",68,027616867681
"American Pie",Comedy,"BB 55",69,025192145520
"American Pie 2",Comedy,"BB 56",70,025192176920
"American Psycho",Horror,221,71,025192094224
"American Psycho 2",Horror,221,72,031398805922
"American Werewolf In London",Comedy,"BO2 73 74",73,025192121920
"America's Sweethearts",Comedy,"GP2 21 22",74,043396063938
"Amityville Horror",Drama,304,75,027616120915
Anaconda,Thriller,"CDISK2 19",76,043396817593
"Anacondas: Hunt for The Blood Orchid",Horror,"CDISK1 70",77,043396032552
"Anatomy 2",Horror,S4,78,043396008328
"Anchorman: The Legend of Ron Burgundy",Comedy,"CDISK1 83",79,678149300529
"Ancient Warriors",Action,307,80,881273000528
"And Starring Pancho Villa as Himself",Biography,"DVDW1 4",81,013023267299
"Angel On Fire",Action,S13,82,601643451848
"Angela's Ashes",Drama,"T1 105",83,097363360773
"Anger Management",Comedy,"CDP1 98 99 100",84,043396100374
Animatrix,Action,"T1 86",85,085393731625
"Anna and The King",Romance,"BO2 45 46",86,024543000440
"Another Public Enemy",Action,S10,87,842498030332
Antitrust,Sci-Fi,"BO2 67 68",88,027616861436
Antz,Animation,"DVDW3 101",89,667068467123
"Anything Else",Comedy,S5,90,678149085228
"Apocalypse Now Redux",Action,"DVDW1 77",91,097360962949
"Apollo 13",Sci-Fi,"PO 17 18",92,025192046124
Aquamarine,Comedy,S9,93,024543247135
Arachnid,Sci-Fi,"BO 89",94,031398797425
"Are We There Yet",Comedy,10,95,043396069756
"Arlington Road",Thriller,S5,96,043396039261
Armageddon,Fantasy,"CDISK1 8",97,601643907345
Armageddon,Sci-Fi,"PO 47 48",98,717951000842
"Armitage III",Anime,"BS 43 44",99,013023100008
"Army of Darkness",Horror,"GP2 49 50",100,013131092691
"Army of One",Action,"GP2 79 80",101,012236116073
"Around the World in 80 Days",Adventure,"DVDW2 120",102,786936252477
Arrival,Sci-Fi,"CDISK2 44 45",103,012236114437
"Art of War",Action,"BO2 1 2",104,085391887126
"Art Pupil",Drama,"CDISK3 21",105,043396223097
Asoka,Action,S12,106,687797954091
Assassins,Action,"CDISK2 39",107,085391398721
"Assault on Precinct 13",Action,"CDISK1 67",108,025192629426
Assignment,Action,289,109,043396283596
"Astro Boy",Animation,192,110,013138201690
"Astro Boy",Animation,"PO 28",111,N/A
"Asylum of The Damned",Fantasy,"DVDW2 8",112,043396060289
"At First Sight",Romance,"BB 80 81 82",113,027616744722
"Atlantis The Lost Empire",Animation,"BO 79 80",114,786936166095
"Aussie Park Boyz",Action,399,115,783722726426
"Austin Powers in Goldmember",Action,"DVDW1 6",116,794043607820
"Austin Powers The Spy Who Shagged Me",Comedy,"BO 33 34",117,794043489129
"Austin Powers: International Man of Mystery",Comedy,S1,118,794043457722
"Autumn In New York",Romance,"DVDW2 20",119,027616857613
Aviator,Drama,"CDISK1 76",120,085393893927
Babe,Family,372,121,025192045523
"Baby Einstein: Language Nursery",Baby,"BS2 49 50",122,786936179705
"Baby Geniuses",Family,373,123,043396037113
"Bachelor Party",Comedy,310,124,024543016441
Backflash,Drama,"RP 4",125,786936190359
"Backstreet Boys - Great Video Hits Chaper One",Musical,"T1 90",126,012414177995
"Backstreet Boys All Access DVD",Musical,"BO2 16",127,012414158994
"Backstreet Boys: Around The World - Black & Blue",Musical,"BP 41",128,012414174796
"Bad Boys",Action,"BO 91 92",129,043396107120
"Bad Boys II",Action,"BC 50 51 52",130,043396006195
"Bad Company",Action,"CDISK3 91",131,786936052688
"Bad News Bears",Comedy,S3,132,097363445746
"Bad Santa",Comedy,"DVDW2 29",133,786936240467
Badge,Crime,"GP2 72 73 74",134,031398821229
"Balistic: Ecks vs. Sever",Action,229,135,085392341627
"Balls of Fury",Sports,"",136,025193184924
"Bambi II",Family,S6,137,786936240252
Bandits,Comedy,"GP2 17 18 19",138,027616873859
"Barb Wire",Action,"BO 77 78",139,780063992725
"Barbarella: Queen Of The Galaxy",Adventure,"PO 38",140,097360681277
"Barney - Best Manners (Invitation To Fun)",Family,"CDISK3 20",141,045986028181
"Barney: Happy, Mad, Silly, Sad",Family,"CDISK2 117 CDISK3 20",142,045986028358
"Bartok: The Magnificent",Animation,"CDISK3 88",143,086162126000
Basic,Thriller,"DVDW1 87",144,043396097452
"Batman Begins",Action,S7,145,012569594159
"Batman Beyond",Animation,"CDISK1 53",146,085391784821
"Battle Athletes #1: On Your Mark",Anime,"RP 33",147,013023012097
"Battle Athletes #2: Ready, Set, Go. Ready",Anime,"GP 89 90",148,013023012592
"Battle of the X-Planes",Documentary,"CDISK2 38",149,B00008YLV1
"Battle Plan Under Fire: Nova",Documentary,"CDISK3 78",150,783421378995
"Battlefield Earth",Sci-Fi,"BO 83 84",151,085391856627
"Battlestar Galactica",Sci-Fi,"CDISK1 105",152,025192380822
"Be Cool",Comedy,145,153,027616928412
Beach,Drama,"T1 92",154,024543001768
Bean,Comedy,303,155,025192266423
"Beautiful Killing Machine",Action,"GP 67",156,719987218024
"Beautiful Mind",Drama,"DVDW2 79",157,025192145025
"Beauty Shop",Comedy,330,158,027616929006
"Before Sunrise",Comedy,"T1 126",159,053939253122
"Before Sunset",Drama,"T1 127",160,085393896225
"Behind Enemy Lines",Action,"DVDW2 21",161,024543038023
"Behind The Sun",Drama,"T1 96",162,N/A
Below,Horror,"DVDW2 111",163,786936214673
Benchwarmers,Comedy,S11,164,043396138698
"Bendit Like Beckham",Comedy,"DVDW1 26",165,024543084266
"Beneath Loch Ness",Horror,"CDISK1 93",166,786936188660
"Best In Show",Comedy,S5,167,085391895121
"Best of Youth",Drama,S6,168,786936291193
Betsy,Drama,"DVDW2 54",169,012569086425
"Better Than Sex",Short,S5,170,043396003651
"Better Tomorrow 3",Action,S13,171,601643006840
"Better Tomorrow II",Crime,S13,172,013131125993
"Better Tomorrow, A",Action,"DVDW1 83",173,601643006642
"Beverly Hills Cop",Action,"CDISK2 75",174,097360113440
Bewitched,Comedy,140,175,043396102101
"Beyond Borders",Drama,S2,176,097363399247
"Bicentennial Man",Sci-Fi,"CDP1 83 84 85",177,717951004888
"Big Bounce",Crime,"T1 75",178,085392836826
"Big Bullet",Action,S13,179,601643484341
"Big Fish",Drama,"DVDW1 91",180,043396008373
"Big Lebowski",Comedy,"T1 117",181,025192266621
"Big Momma's House",Action,S3,182,024543008194
"Big One",Comedy,"CDISK2 63",183,717951001566
"Big Trouble",Comedy,"CDISK2 124",184,786936165418
"Big Trouble In Little China",Action,"CDISK2 77",185,024543044758
"Big White",Comedy,S9,186,096009444693
"Bigger Than The Sky",Comedy,"DVDW2 118",187,027616927361
"Bill & Ted's Excellent Adventure",Sci-Fi,"GP 30",188,027616869265
"Bio Hunter Special Edition",Sci-Fi,"BO 1 2",189,638652106605
"Bionicle: Mask of Light (2003)",Animation,"DVDW1 85",190,786936207378
Birth,Drama,341,191,794043783821
"Birthday Girl",Drama,"GP 59 60",192,717951010865
"Black Cadillac",Thriller,"CDISK2 24",193,687797600899
"Black Dawn",Action,"CDISK3 77",194,043396128156
"Black Dog",Action,"CDISK2 82",195,025192039126
"Black Hawk Down",Action,223,196,043396067660
"Black Horizon",Adventure,"CDISK1 95",197,012236150305
"Black Mask",Action,"BO 32",198,012236114048
"Black Rain",Action,"BO2 51 52",199,097363222071
"Black Sheep",Comedy,310,200,097363324249
Blade,Action,"BO2 27 28 S19",201,794043470929
"Blade II",Action,"S1 S19",202,794043555428
"Blade Runner",Action,"CDISK2 66",203,085391268222
"Blade Trinity",Action,S19,204,794043781827
"Blair Witch Project",Drama,"GP 76",205,012236112662
Blast,Action,325,206,687797613790
"Bless The Child",Horror,"GP 69 70",207,097363279648
"Blind Fury",Action,"GP2 56",208,043396049192
"Blood The Last Vampire","Thrillers , Vampires , Action , Foreign , Horror , Japanese","PO 43 44+",209,043396309425
"Blood Work",Crime,"BS 68 69",210,085392420124
Bloodrayne,"Supernatural & Paranormal",S9,211,855280001380
"Bloodrayne 2",Action,,212,883476000596
"Bloody Mallory",Action,"DVDW2 70",213,031398181200
Blow,Drama,"T1 118",214,794043528422
"Blown Away",Action,"RP 9 10 11 12",215,012236146636
"Blue Collar Comedy Tour",Comedy,"DVDW2 14",216,085392465729
"Blue's Big Musical Movie",Family,"CDISK3 93",217,097368397248
"Blues Brothers",Action,285,218,025192674426
"Blue's Jobs",Children,S8,219,097368899148
"Blue's Room Alphabet Power",Children,"CDISK3 85",220,097368773943
"Bodies, Rest & Motion",Drama,219,221,014381321425
"Boiling Point",Action,"GP2 1",222,085391297628
"Bol Radha Bol",Romance,"DVDW3 95",223,N/A
"Bollywood Queen",Romance,"CDISK1 87",224,805239901599
"Bomb Squad (1997) (TV)",Action,"GP 85",225,677880100290
"Bon Jovi Live From London",Music,S6,226,780063621922
"Bone Snatcher",Horror,367,227,687797963093
Bones,Horror,"GP2 38",228,794043540721
Boogeyman,Horror,"CDISK1 46",229,043396012691
"Born To Defense",Action,"DVDW2 121",230,786936241440
"Bottle Rocket",Adventure,288,231,043396116290
"Bound by Lies",Thriller,"CDISK1 84",232,687797600493
"Bourne Supremacy",Action,"CDISK1 54",233,025192499326
"Bourne Supremacy","Spies/Secret Agents",,234,025192499326
Bowfinger,Comedy,"CDISK2 118",235,025192057625
"Bram Stoker's Way of the Vampire",Horror,395,236,016351094391
BraveHeart,Drama,"BB 105 106",237,097361558448
"Bread and Roses",Romance,"RP 59 60",238,658149788626
"Breast Men",Comedy,"GP2 47 48",239,026359147029
Breathless,Romance,"GP 32",240,027616809223
"Bride and Prejudice",Musical,S5,241,786936278330
"Bridge Too Far",Action,S13,242,027616675729
"Bridget's Jone Diary",Comedy,"BO2 72",243,786936161977
"Bringing Down The House",Comedy,"DVDW1 10",244,786936227130
"Britney Spears Live and More!",Musical,"BB 85 86",245,012414170491
"Britney Spears: Live from Las Vegas",Musical,"CDISK1 103",246,012414178497
"Brokedown Palace",Drama,"DVDW2 7",247,024543000037
"Broken Arrow",Action,"BS 5 6 7",248,086162104206
"Broken Flowers",Adventure,"CDISK3 99",249,025192847721
"Brother Bear",Animation,"DVDW1 56",250,786936224023
"Brotherhood of The Wolf",Action,"CDISK2 79",251,025192211522
"Brothers Grimm",Adventure,"CDISK3 94",252,786936692174
"Bruce Almighty",Comedy,"T1 93",253,025192282324
"Bruce Lee's Jeet Kune Do",Drama,"CDP1 43 44",254,601643852744
Bruiser,Thriller,"T1 124",255,031398777229
"Bubble Boy",Comedy,"BB 121",256,786936165401
"Bubblegum Crisis",Action,"DVDW1 109",257,702727002526
"Buffalo Soldiers",Drama,"CDISK1 78",258,786936233469
"Bug's Life",Family,"DVDW2 81",259,717951001818
"Bullet In The Head",Action,S13,260,601643195445
"Bulletproof Monk",Action,"CDP1 95",261,027616888396
"Bury Me High",Sci-Fi,"DVDW3 99",262,4895024906416
Butterfly,Drama,227,263,786936144666
"Butterfly Effect",Drama,"T1 73",264,794043717321
"Cabin Fever",Horror,"DVDW1 17",265,031398110842
"Cable Guy",Comedy,"T1 121",266,043396824294
"Can't Hardly Wait",Comedy,S3,267,043396027145
Carolina,Romance,281,268,786936242683
Carrie,Drama,"GP 83",269,027616865519
"Casino Royale",Action,,270,043396148598
"Cast Away",Drama,"BB 64",271,024543036630
"Castle In The Sky",Animation,"319 CDISK3 27 28",272,786936175219
"Cat in the Hat",Adventure,"DVDW1 36",273,025192147623
"Catch Me If You Can",Adventure,"T1 92",274,667068998221
"Catch That Kids",Action,"DVDW1 113",275,024543123231
"Cats & Dogs",Comedy,"BP 24 DVDW1 15",276,085392229321
Catwoman,Action,"T1 114",277,085393145026
Cave,Action,"CDISK3 97",278,043396070967
"Caved In Prehistoric Terror",Sci-Fi,S7,279,031398191759
"Celine Dion All The Way",Musical,"DVDW2 109 110",280,074645022994
"Celine Dion: A New Day Has Come",Musical,"CDISK3 39",281,098707972898
Cell,Thriller,"BP 33",282,794043515026
Cellular,Thriller,"CDISK1 81",283,794043763120
Cerberus,Horror,S12,284,031398187813
"Changing Lanes",Action,"DVDW2 15",285,097363343042
Chaos,Comedy,65,286,717119864347
"Chapter Zero",Comedy,"CDISK1 55",287,039414520378
"Charlie and Chocalate Factory",Adventure,292,288,012569593367
"Charlie Angel's Full Throttle",Action,"DVDW3 29",289,043396021457
"Charlie's Angels",Action,206,290,043396060173
"Chased By Dinosaurs",Documentary,"CDISK1 1",291,794051192721
"Chasing Amy",Comedy,"DVDW1 128",292,717951002372
"Chasing Papi",Comedy,"DVDW2 36",293,024543086147
"Cheaper by The Dozen",Comedy,"DVDW1 4",294,024543116080
Chicago,Musical,"CDP1 52 53 54 55",295,786936219197
"Chicken Little",Animation,S8,296,786936246803
"Chicken Run",Animation,"DVDW3 101",297,667068645323
"Children of the Corn: Revelation",Horror,"DVDW1 32",298,786936160345
"Child's Play",Horror,"BO2 69 70",299,027616750426
"Chill Factor",Action,S4,300,085391804628
"China A Century of Revolution",Documentary,"DVDW2 119",301,720917314822
"China Strike Force",Action,208,302,786936223538
Chinatown,Crime,"BS2 41 42 43",303,097361551647
"Chinese Connection",Action,"DVDW2 22",304,024543014157
Chooch,Comedy,"CDISK2 115",305,018713510747
"Chori Chori Chupke Chupke",Drama,S12,306,675754600327
"Christmas With The Kranks",Comedy,326,307,043396048614
"Chronicles of Narnia",Fantasy,S7,308,786936292930
"Chronicles of Riddick",Adventure,"DVDW2 124",309,025192632426
Chrystal,Drama,283,310,687797109897
Chumscrubber,Comedy,S2,311,678149196726
Cinderella,Family,S8,312,786936239294
"Cinderella Man",Biography,309,313,025192211928
"Cinderella Story",Comedy,"DVDW2 95",314,085393145224
"Cingo Amigas",Family,136,315,014381020625
"City by The Sea",Crime,S2,316,085392208227
"City Hunter",Action,"T1 94",317,024543078357
"City of Angels",Drama,S2,318,085391632023
"City of Ghosts",Crime,S3,319,027616889997
"City of God",Crime,232,320,786936223897
"City of SARS",Drama,159,321,601641447447
"City of Steel: Carrier",Documentary,"CDISK2 51",322,625712130434
"City On Fire",Action,"DVDW2 60",323,786936158496
"Civil Action",Drama,S3,324,717951001917
"Clash of The Titans",Adventure,"RP 41 42",325,012569513723
"Clear and Present Dangers",Action,"CDISK2 77",326,097363246374
Clerks,Comedy,"RP 63 64",327,717951002716
"Clifford's Really Big Movie",Animation,"CDISK3 89",328,085393492823
"Clockwork Orange",Drama,"CDISK2 96",329,085391736721
"Close Your Eyes",Crime,129,330,687797999092
Closer,Drama,369,331,043396048478
"Cloud 9",Comedy,S5,332,024543207788
"CNN Millenium 2000",Documentary,"T1 104",333,053939819823
"Coach Carter",Drama,S8,334,097363412649
Cocoon,Adventure,"CDISK1 2",335,024543115878
"Code of Silence",Action,"CDP1 21 22 23",336,027616854766
"Cold Creek Manor",Drama,"DVDW1 35",337,786936226393
"Cold Mountain",Drama,"T1 74",338,786936242164
Collateral,Crime,"CDISK1 72",339,678149173420
"Color of Night",Mystery,"CDP1 86 87 88",340,717951003430
Commando,Action,"T1 116 CDISK2 113",341,086162104244
"Con Air",Action,"PO 13 14 15",342,717951000262
"Con Express",Action,"BO2 55 56",343,012236126843
Congo,Thriller,"GP 4",344,097363303879
"Connie and Carla",Comedy,"CDISK2 25",345,025192386022
"Conspiracy Theory",Thriller,"BO2 83 84",346,085391509127
Constantine,Horror,"CDISK2 83",347,085393894221
"Contant Gardener",Drama,S5,348,025192629228
"Contract Killer",Action,"DVDW2 73",349,043396065994
Copycat,Thriller,"GP2 39 40",350,085391416821
Core,Drama,"CDP1 80 81 82",351,097363346746
Corruptor,Action,208,352,794043477621
"Cosmic Voyage",Documentary,"CDISK2 107",353,794051804723
"Count of Monte Cristo",Action,"CDISK2 78",354,786936165395
"Cowboy Bebop The Movie",Action,"T1 80",355,043396090552
CQ,Drama,"PO 37 +",356,027616878878
"Cracking the Code of Life",Documentary,"CDISK2 43",357,783421333291
"Cradle 2 The Grave",Action,"DVDW1 108",358,085392341122
"Creature Unknown",Horror,"CDISK3 69",359,690445006028
"Crime Spree",Crime,179,360,097368796348
Criminal,Crime,"CDISK1 110",361,085393896829
"Crimson Rivers",Thriller,"CDISK2 23",362,043396097070
"Crimson Tide",Action,"CDISK2 76",363,717951000149
"Crocodile Hunter, The: Collision Course",Comedy,"RP 55",364,027616880567
"Crouching Tiger, Hiden Dragon",Action,"CDISK2 60",365,043396059900
"Cry Wolf",Horror,"CDISK3 62 63",366,025192940422
"Crying Game",Drama,"CDISK3 56",367,012236132509
Cube,Thriller,"RP 45",368,031398691433
Cujo,Horror,360,369,017153114010
"Cup of My Blood",Horror,"CDISK3 64",370,039414560084
"Curse of King Tut's Tomb",Adventure,,371,096009443498
"Curse of The Komodo",Horror,"CDISK1 13",372,733807816146
Cursed,Horror,,373,786936293975
Cyborg,Sci-Fi,"BO 27",374,027616656124
"Cyborg 2",Sci-Fi,"BO 28",375,031398705536
D.E.B.S,Comedy,"CDISK1 98",376,043396111301
"Da Vinci and The Code He Lived By",Documentary,S7,377,733961745252
"Daddy Day Care",Comedy,"BC 42 43 44",378,043396017139
Dagon,Horror,"BO2 65 66",379,658149800229
"Dallas 362",Drama,284,380,821575540650
"Damien Omen II",Horror,"DVDW1 29",381,024543004493
"Dante's Peak",Action,"GP 71 72",382,025192045028
Daredevil,Action,"DVDW2 32",383,024543077886
"Daredevil vs Spider-man",Animation,"GP2 53 54 55",384,786936203196
"Dark Blue",Action,"CDISK3 118",385,027616886446
"Dark Water",Drama,"CDISK3 100",386,786936242904
Darr,Thriller,"DVDW2 11 S13",387,N/A
"Date Movie",Comedy,S8,388,024543247012
"Dawn of The Dead",Action,"DVDW2 87",389,025192386121
"Day After",Drama,"CDISK1 14",390,027616911254
"Day After Tomorrow",Action,"DVDW2 72",391,024543135548
"Day Without A Mexican",Comedy,"CDISK1 61",392,000799447628
"Days of Thunder",Action,"GP 1 2",393,097363212379
"Dead  Man Walking",Crime,191,394,027616784926
"Dead Presidents",Action,"BS2 11 12",395,717951000392
"Dead Zone ",Horror,"DVDW1 62",396,658149805927
Deal,Thriller,393,397,043396115408
Decoys,Horror,"DVDW2 89",398,043396075085
"Deep Evil",Sci-Fi,"CDISK1 31",399,687797600394
"Deep Impact",Drama,"BS 52 53 54",400,097363308270
"Deep Rising",Sci-Fi,"CDISK2 55",401,717951000651
"Deep Water",Action,"CDISK2 19",402,024543027997
Deliverance,Adventure,"DVDW2 107",403,085391544524
"Delta Force 2",Action,"BO2 61 62",404,027616852908
"Delta Force One",Action,"CDISK3 52",405,085392208029
"Demolition Man",Action,"RP 39 40",406,085391298526
Derailed,Action,"CDP1 27 28 29",407,024543097945
Derailed,Drama,S7,408,796019786492
"Desert Saints",Thriller,"DVDW1 37",409,024543086482
Desperado,Action,229,410,043396116597
"Desperately Seeking Susan",Comedy,"GP2 11 12",411,027616850799
Detonator,Action,S8,412,043396138322
"Detour 2002",Horror,"CDISK2 35",413,039414560046
"Deuce Bigalow Male Gigolo",Comedy,"BO2 54",414,717951009289
"Deuce Bigolow European Gigolo",Comedy,338,415,043396101074
"Deuces Wild",Drama,"GP 73 74 75",416,027616865410
"Devil Wears Prada",Comedy,S14,417,024543374404
"Devil's Rejects",Action,"CDISK2 119 120",418,031398185376
"Devons Ghost",Horror,"CDISK1 97",419,039414581584
"Diamond Men",Drama,366,420,031398823025
"Diary of A Mad Black Woman",Comedy,S8,421,031398175568
Dick,Comedy,"DVDW1 1",422,043396040014
"Die Another Day",Action,"CDISK2 81",423,027616884282
"Die Hard",Action,214,424,086162103995
"Die Hard 2",Action,214,425,086162104121
"Die Hard With Vengence",Action,"T1 122",426,024543021513
"Different Loyalty",Drama,329,427,031398166979
"Dinosaur Hunters",Documentary,S11,428,727994750468
"Dinosaur Planet: Disk 1",Documentary,"CDISK1 99",429,012236150145
"Dinosaur Planet: Disk 2",Documentary,"CDISK1 100",430,012236150145
Dinotopia,Drama,"BO2 21 22 23",431,707729128397
"Dinotopia: Quest for the Ruby Sunstone",Adventure,,432,018713506764
Dirty,Crime,S8,433,043396128743
"Dirty Dancing",Romance,336,434,012236044406
"Dirty Love",Comedy,357,435,687797111869
"Dirty Pretty Things",Drama,"DVDW2 30",436,786936232073
"Dirty Shame",Comedy,"CDISK2 15",437,794043775420
Dish,Comedy,"CDISK2 3",438,085392124923
Disturbia,Horror,,439,097363483441
"Dodgeball: A True Underdog Story",Comedy,"CDISK1 96",440,024543152699
"Dog Gone",Action,"DVDW1 93",441,723952076441
"Dog Soldiers",Action,"CDISK2 82",442,012236131083
Dogma,Comedy,"BB 113 114",443,043396056145
"Dogs of War",Action,"GP2 9 10",444,027616860965
Domino,Action,S6,445,794043101366
"Donnie Darko",Drama,353,446,024543036401
"Don't Tempt Me",Comedy,"T1 128",447,N/A
Doom,Action,S6,448,025192031229
"Doom Generation","Road Trips","GP 23",449,031398683636
"Dora The Explorer Animal Adventures",Children,S10,450,097368898844
"Dora The Explorer Save The Day!",Animation,"CDISK3 102",451,097368890244
"Dora The Explorer: Dance To The Rescue",Animation,"CDISK3 37",452,097368774049
"Dora the Explorer: Dora's Christmas",Animation,"CDISK3 35",453,097368768840
"Dora The Explorer: Fairytale Adventure",Animation,"CDISK3 67",454,097368797949
"Doraemon (1973)",Anime,"BB 71",455,N/A
"Doraemon The Movie 1 and 2",Anime,"DVDW2 79 80",456,4988102822712
"Double Team",Action,"BO 11",457,043396832398
"Downtown Torpedoes",Action,"CDISK2 65",458,601643573045
"Dr. Dolittle 3",Comedy,S8,459,024543234555
"Dr. T & The Women",Comedy,151,460,012236115885
"Dracula 2000",Horror,"BB 63",461,786936145038
"Dracula 3000",Sci-Fi,"CDISK1 45",462,012236167181
"Dragon Fighter",Sci-Fi,"DVDW2 25",463,024543078197
"Dragonheart A New Beginning",Sci-Fi,"BO 63",464,025192067921
"Dragons Fire and Ice",Animation,"CDISK1 62",465,012236159940
"Dragons' World: A Fantasy Made Real",Fantasy,8,466,043396104785
Dragonslayer,Action,"DVDW2 92",467,097360136746
Dreamcatcher,Horror,"DVDW1 102",468,085392466429
Dreamer,"Animals & Nature",S9,469,678149197624
Driven,Action,"PO 25 26 27",470,085392101320
"Drop Dead Gorgeous",Comedy,"GP2 60",471,794043492723
"Drunken Master",Comedy,"BS3 117",472,043396083905
"Dude, Where's My Car ?",Comedy,"BO2 93",473,024543017936
"Dude, Where's The Party",Comedy,"CDISK1 101",474,012236171065
"Dukes of Hazzard",Action,359,475,012569736658
"Dumb and Dumberer",Comedy,"BC 65 66",476,794043673221
"Dune: Special Edition Director's Cut",Sci-Fi,"BP 43 44",477,012236125297
"Dungeons & Dragons",Fantasy,"BO2 31 32",478,794043524523
"Dust to Glory",Action,339,479,027616929167
Earthstorm,"Science Fiction",,480,687797120199
"Eastern Promises",Thriller,,481,025193330123
"Easy Rider",Adventure,392,482,043396017498
"Eddie Izzard Circle",Comedy,"DVDW2 1",483,045778668991
"Eight Legged Freaks",Action,"BO2 44",484,085392330928
Elektra,Action,"CDISK1 27",485,024543182641
"Ella Enchanted",Comedy,S1,486,786936244892
"Emperor and the Assassin",Drama,220,487,043396050457
"Emperor's New Groove",Animation,"BO2 85",488,786936144413
"Empire of The Sun",Drama,"CDISK2 53",489,085391175322
"Empire of The Wolves",Action,S5,490,043396128910
"Empire Records",Comedy,"GP 39",491,085391416920
"Empire Strikes Back",Sci-Fi,S11,492,024543263838
"Employee of The Month",Comedy,150,493,031398169222
"End of Days",Horror,"BP 19 20",494,025192072123
"End of The Spear",Drama,S10,495,024543245704
"Endangered Species",Thriller,"CDISK1 42",496,821575533454
"Enter the Dragon (1973)",Action,"DVDW2 5",497,085391592129
"Epic Movie",Spoofs,,498,024543438519
Epoch,Sci-Fi,"T1 115",499,658149797420
"Epoch: Revolution",Action,"CDISK1 11",500,024543130666
Equilibrium,Action,"CDISK3 57 B1",501,786936181081
eragon,Action,,502,024543426981
"Erotic Misadventures of The Invisible Man",Comedy,"DVDW1 23",503,736991664296
"Escape from L.A.",Action,S2,504,097363324973
"Escape From New York",Action,"CDISK2 61",505,027616854773
"Eternal Sunshine of The Spotless Mind",Drama,"CDISK3 119",506,025192395925
Eulogy,Comedy,"CDISK1 102",507,012236171850
"Europa Europa",Drama,"DVDW1 55",508,027616884190
Eurotrip,Comedy,"DVDW1 115",509,678149188622
"Evel Knieval",Biography,S14,510,053939689921
"Event Horizon",Horror,"DVDW1 95",511,097363348276
"Evil Dead",Action,"CDISK2 66",512,013131066791
Evolution,Sci-Fi,"BP 2",513,667068892321
Excalibur,Fantasy,"BB 127 128",514,085392201822
"Executive Decision",Action,"BO2 13 14",515,085391421122
Existenz,Sci-Fi,"BB 50",516,717951005120
"Exit Wounds",Action,"GP 53 54",517,085392106929
"Exorcism of Emily Rose",Drama,207,518,043396136779
Exorcist,Horror,"DVDW1 104",519,06000202614
"Exorcist III, The",Horror,"DVDW1 59",520,085391748823
"Exorcist: The Beginning",Adventure,S4,521,085392467426
"Expanding Universe",Documentary,"CDISK1 88",522,014381012422
"Experience The Deep",Documentary,S11,523,056775021092
Experiment,Drama,S6,524,043396009646
"Extreme Dating",Action,S5,525,012569599307
"Extreme Days",Action,"BS 87 88",526,804868430029
"Extreme Engineering: Bridging the Bering Strait",Documentary,"CDISK1 7",527,689208
"Extreme Engineering: Building Hong Kong's Airport",Documentary,"CDISK1 25",528,689208
"Extreme Engineering: City in A Pyramid",Documentary,"CDISK3 11",529,689208
"Extreme Engineering: Holland's Barriers to The Sea",Documentary,"CDISK3 12",530,689208
"Extreme Engineering: Subways In America",Documentary,"CDISK1 5",531,689208
"Extreme Engineering: Tokyo's Sky City",Documentary,"CDISK1 6",532,689208
"Extreme Engineering: Transatlantic Tunnel",Documentary,"CDISK1 5",533,689208
"Extreme Engineering: Tunneling Under the Alps",Documentary,"CDISK1 25",534,689208
"Extreme Engineering: Widening the Panama Canal",Documentary,"CDISK3 13",535,689208
"Extreme Ops",Action,"CDISK3 108",536,097363409540
"Eye See You",Action,"GP2 63 64",537,043396099593
"Eye, The",Drama,"CDISK1 38",538,031398100829
F/X,Action,"CDISK3 115",539,027616850782
f8,Short,"DVDW2 57",540,634991164122
"Face / Off",Action,"CDISK2 59",541,097361549576
"Fahrenheit 9/11",Documentary,"CDISK1 10",542,043396086708
"Family Guy Presents Stewie Griffin",Animation,"CDISK2 99",543,024543207894
"Family Man",Comedy,S6,544,025192094125
"Fan, The",Thriller,"DVDW1 80",545,043396824799
"Fantasia 2000",Musical,"DVDW1 126",546,717951008374
"Fantastic 4",Action,"CDISK3 38",547,024543196037
Farscape,Sci-Fi,"BP 35",548,702727009624
"Fast And The Furious",Action,"BB 107",549,025192127021
"Fast and the Furious Tokyo Drift",Action,S14,550,025193064929
"Fast Times At Ridgemont High",Comedy,"T1 123",551,025192544521
Fearless,Drama,S4,552,085391298625
Feedback,Suspense,"CDISK2 36",553,039414510874
"Femme Fatale",Thriller,"BS 39 40",554,085392446124
"Ferris Bueller's Day Off",Comedy,"PO 5 6",555,097360189049
"Fever Pitch",Comedy,S8,556,024543198413
"Few Good Men",Crime,S4,557,043396278998
"Fifteen and Pregnant",Drama,"BS 73 74 75",558,084296402625
"Fifth Element",Sci-Fi,"T1 122",559,043396824096
"Fight Club",Drama,"T1 78",560,024543044789
"Fighter Jets and Attack Aircraft",Documentary,"CDISK3 109",561,082551748723
"Final Cut",Sci-Fi,"CDISK2 27",562,031398169659
"Final Destination",Horror,226,563,794043506123
"Final Destination 2",Horror,"DVDW1 5",564,794043627828
"Final Destination 3",Drama,S11,565,794043103728
"Final Fantasy The Spirit Within",Animation,"CDISK3 31 32",566,043396062498
"Final Fantasy VII",Fantasy,S7,567,043396118966
"Finding Forrester",Drama,"BB 60",568,043396059894
"Finding Nemo",Animation,"CDISK3 1",569,786936215595
"Finding Neverland",Drama,"CDISK1 106",570,786936261769
"Firepower 2000",Documentary,"DVDW2 105 106",571,056775040994
Firetrap,Action,"BO 57",572,658149792623
Firewall,Crime,S9,573,012569594104
"First Daughter",Romance,"CDISK1 108",574,024543160458
"First Descent",Documentary,S6,575,025192844928
"Fist of The Legend",Action,"CDISK2 60",576,717951005151
Flashdance,Drama,"CDISK3 2",577,097360145441
Flatliners,Horror,"RP 5 6",578,043396503892
"Flight 93",Drama,S10,579,039414520699
"Flight of The Phoenix",Action,"CDISK1 36",580,024543174530
"Flight Plan",Action,S3,581,786936270532
Fluke,Drama,"GP2 37",582,027616859112
Fog,Action,S3,583,043396136557
Fog,Thriller,231,584,014381223521
Fog,Horror,363,585,027616878120
"For Your Eyes Only",Action,"CDISK2 73",586,027616702722
Forgotten,Sci-Fi,"CDISK1 56",587,043396100787
"Formula 51",Action,"BO2 89 90",588,043396080300
"Forrest Gump",Comedy,358,589,097361564449
"Four Brothers",Action,188,590,097363440741
Frankenfish,Action,"CDISK1 47",591,043396018730
Frankenstein,Horror,"CDISK2 34",592,707729166399
Fraternity,Thriller,"BS 85 86",593,025192265921
"Freaky Friday",Comedy,"DVDW1 18",594,786936225280
"Freddy Got Fingered",Comedy,"BB 72",595,024543024590
"Freddy vs Jason",Horror,"DVDW1 3",596,794043683121
"Free Enterprise",Comedy,"GP 25",597,013023032798
Freedomland,Crime,S9,598,043396114401
"French Connection",Action,"T1 102",599,024543020653
Frequency,Drama,"BS2 44 45 46",600,794043505829
Friday,Comedy,"GP 13",601,794043468025
Frighteners,Horror,"GP 65 66",602,025192028625
"From Dusk Till Dawn",Comedy,375,603,717951000446
"From Dusk Till Dawn 2: Texas Blood Money (1999) (V)",Action,"GP 68",604,717951003157
"From Dusk Till Dawn 3",Horror,S6,605,717951004642
"From Hell",Thriller,"T1 118",606,024543035572
Fugitive,Action,"CDISK3 113",607,085392100026
"Full Alert",Action,"T1 85",608,601643798240
"Full Contact",Action,"DVDW3 98",609,601643283548
"Full Moon Trailers",Trailer,"RP 28",610,N/A
"Fulltime Killer",Action,"CDISK1 23 24",611,031398832621
"Fun With Dick and Jane",Comedy,S7,612,043396102286
"Funky Monkey",Comedy,S4,613,012569692145
"Funny Factory with Donald",Disney,S11,614,786936304077
"Funny Ha Ha",Comedy,137,615,720917546520
"Futurama Volume One",Animation,"BS 45 46 47 48 49 50 51",616,024543069447
"Future is Wild: Ice World",Documentary,"DVDW2 102 103 104",617,014381063424
"G.I. Jane",Action,S3,618,717951000316
"Galaxy Quest",Sci-Fi,"BB 57",619,667068601725
"Game of Death II",Action,"DVDW2 128",620,024543115595
"Game Over: Kasparov And The Machine",Documentary,"CDISK1 77",621,821575537254
"Garden State",Romance,S9,622,024543155881
"Garfield The Movie",Comedy,"DVDW2 93",623,024543146735
Gargoyles,Horror,"CDISK1 85",624,031398168096
"Garzey's Wing",Anime,"BO2 75 76",625,719987228429
"Gattaca (1997)",Sci-Fi,"BP 45 46",626,043396826496
"Gen-X Cops",Action,"CDISK2 40",627,043396050266
Geobreeders,Anime,"PO 39 40+",628,719987187429
"Get Carter",Action,S4,629,085391858324
"Get Shorty",Drama,"CDP1 128",630,027616603692
Gettysburg,Drama,S4,631,053939613926
"Ghost In The Shell",Anime,"PO 45 46",632,780063552929
"Ghost Rider",Action,,633,043396163119
"Ghost Watcher",Horror,"CDISK1 86",634,012236165064
"Giant Robo: The Day Earth Stood Still",Anime,"CDISK1 33",635,631595045178
"Girl Next Door",Comedy,"CDISK1 37",636,024543135869
"Gladiator (2000)",Drama,S1,637,667068720426
"Glass House",Thriller,"BS 55 56 57",638,043396062528
"Glass Trap",Action,93,639,687797601193
"Gloria Estefan: Que siga la tradicion (2000) (V)",Musical,"GP 12",640,074645022697
Go,Comedy,"BB 70",641,043396038264
Godsend,Drama,"DVDW2 51",642,031398163251
Godzilla,Sci-Fi,"BO 5 6",643,043396231290
"Godzilla 2000",Sci-Fi,"BO 90",644,043396056671
"Golden Years",Sci-Fi,"GP2 51 52",645,017153119589
GoldenEye,Action,290,646,027616644220
"Gone In 60 Seconds",Action,"DVDW2 9",647,717951008572
"Good Boy!",Comedy,154,648,027616902825
"Gorgeous (Bor lei jun)",Action,"T1 91",649,043396050549
Gothika,Horror,"DVDW1 98",650,085392838028
"Grandma's Boy",Comedy,S7,651,024543237051
Grease,Comedy,143,652,097361557441
"Great Expectations",Drama,"DVDW2 2",653,024543000051
"Great Martial Arts Movies",Action,"BS3 35",654,066805302367
"Great Raid",Action,4,655,786936688337
"Greatest Places: IMAX",Documentary,225,656,017078983326
"Green Butchers",Comedy,327,657,043396111233
"Green River Killer",Horror,"DVDW2 10",658,031398187240
"Green Street Hooligans",Drama,S10,659,012569760295
Grifters,Crime,S4,660,786936190953
Grudge,Horror,"DVDW2 115",661,043396062603
"G-Saviour The Movie",Sci-Fi,"T1 79",662,669198197093
"GTO The Movie",Action,S9,663,631595051988
"Guess Who",Comedy,S4,664,043396101135
Guru,Comedy,"CDISK1 3",665,025192198427
Hackers,Sci-Fi,"BP 12",666,027616716927
Hairspray,Comedy,,667,794043112126
"Half Light",Thriller,S3,668,687797614391
"Half Past Dead",Action,"DVDW1 88",669,043396087842
"Hands That Rocks The Cradle",Drama,"GP2 43 44",670,717951000774
"Hanging Up",Comedy,142,671,043396047488
Hangmen,Action,"BP 25 26",672,096009010232
Hannibal,Thriller,"BB 123 124",673,027616865403
Happiness,Drama,"CDP1 50 51",674,031398702337
"Happy Accidents",Romance,"T1 124",675,027616880048
"Happy Here and Now",Drama,S5,676,027616122872
"Happy Texas",Comedy,178,677,717951004833
"Hard Boiled",Action,"DVDW1 38",678,N/A
"Hard Cash",Action,"BS 91 92",679,012236127796
"Hard Rain",Action,"BB 118",680,097363321378
"Hard Word",Crime,"DVDW1 107",681,031398101123
"Hardware 2: Rock Videos",Musical,"CDP1 45 46",682,044006846293
"Harold & Kumar to White Castle",Comedy,"CDISK1 63",683,794043762529
"Harry Potter and The Chamber of Secrets",Fantasy,"PO 80 81",684,085392359226
"Harry Potter and The Goblet of Fire",Adventure,S7,685,012569593886
"Harry Potter and the Prisoner of Azkaban",Adventure,387,686,085392844524
"Harry Potter And The Sorcerer's Stone",Fantasy,"DVDW1 121",687,085392246724
"Harry Potter Order Phoenix",Adventure,,688,012569593268
"Hart's War",Drama,"RP 7 8",689,027616877284
Hatchet,Comedy,,690,013131563092
"Haunted Mansion",Comedy,"DVDW1 84",691,786936226614
Hazing,Horror,,692,039414560060
"Heart of Dragon",Action,"T1 94",693,024543100959
"Hearts In Atlantis",Drama,"DVDW2 16",694,085392208128
Heathers,Comedy,"DVDW1 65",695,111111111111
"Heavy Metal",Animation,"RP 52",696,043396039292
"Held For Ransom",Thriller,293,697,634991110921
Hellboy,Adventure,S1,698,043396013179
Hellraiser,Horror,"GP2 2",699,013131033090
"Hellraiser 4: Bloodline",Horror,"DVDW1 30",700,717951010643
"Hell's Gate 11:11",Horror,"CDISK1 50",701,025192738128
"Herbie Fully Loaded",Adventure,"CDISK3 75",702,786936288261
Hero,Action,"CDISK1 48",703,786936259223
"Hero Never Dies",Drama,"DVDW2 90",704,895024901657
"Heroic Trio",Adventure,"CDISK2 21",705,786936199314
"Hey Arnold! The Movie",Animation,"CDISK2 100",706,097363396543
Hidalgo,Action,"DVDW1 124",707,786936228120
"Hidden Agenda",Action,"GP2 77 78",708,031398794226
"Hide and Seek",Thriller,302,709,024543188506
"High Heels and Low Lifes",Action,294,710,786936080230
"High Tension",Crime,337,711,031398183532
"Highlander Endgame",Action,S4,712,786936144833
Highwaymen,Thriller,"CDISK2 31",713,794043715228
"Hilary Duff: All Access Pass",Family,"BC 75",714,050086059492
"Hilary Duff: The Girl Can Rock",Musical,"DVDW2 100",715,786936245035
"Hills Have Eyes",Thriller,S10,716,024543247470
"History of the World: Part 1",Comedy,"CDISK1 21",717,086162128905
"History of Violence",Crime,S8,718,794043100956
"Hit Team",Action,S1,719,601643958842
Hitch,Romance,"CDISK1 118",720,043396112353
"Hitchhiker's Guide To The Galaxy, The",Sci-Fi,"CDISK2 106",721,786936254884
"Hitler's Lost Sub: Nova",Documentary,"CDISK3 78",722,783421324398
"Hitman's Code",Thriller,"CDISK2 9",723,039414581508
Holes,Drama,"DVDW1 111",724,786936224290
"Hollow Man",Sci-Fi,"BB 75 76",725,043396050723
"Hollow Man 2",Action,S8,726,043396145436
"Holly Hobbie's & Friend",Children,,727,043396218529
"Hollywood Flies",Crime,398,728,723952077233
"Hollywood Homicide",Action,"PO 95 96",729,043396009271
"Home On The Range",Animation,"DVDW2 49",730,786936243505
Hoodwinked,Animation,S8,731,796019791090
Host,"Science Fiction",,732,876964000918
Hostage,Action,"CDISK2 14",733,786936282917
Hostel,Horror,S7,734,043396138384
"Hot Chick",Comedy,"DVDW1 76",735,786936218459
"Hot Fuzz",Action,,736,025193327420
"Hot Shots!",Action,286,737,024543046912
"Hot Shots! Part Deux",Action,173,738,024543046950
"Hot Spot",Action,185,739,000799431528
Hotel,Comedy,317,740,027616905253
"Hotel Rwanda",Drama,S8,741,027616925121
"House of Flying Daggers",Drama,"CDISK1 94",742,043396091788
"House of Fury",Action,S2,743,601641719247
"House of The Sand and Fog",Drama,391,744,678149097726
"House of Wax",Horror,144,745,085393894528
"How to Lose A Guy In 10 Days",Comedy,"T1 97",746,097363369646
"Hudson Hawk",Action,361,747,043396705999
Hulk,Sci-Fi,"BC 8 9",748,025192248924
"Hum Tum",Drama,S11,749,N/A
"Humanoids from the Deep (1980)",Horror,"GP 86",750,736991464094
"Hunt for Osama Bin Laden",Documentary,"CDISK2 64",751,700880
Hunted,Action,"BC 53 54 55",752,097363397243
Hurricane,Drama,"DVDW2 56",753,025192071928
"Hustle & Flow",Crime,S3,754,097363456544
Hyperspace,Documentary,"DVDW2 116 NG1 7",755,794051161826
"I Am Sam",Romance,"GP 35 36",756,794043553721
"I Dreamed of Africa",Drama,"DVDW1 33",757,043396046061
"I Heart Huckabees",Comedy,"CDISK2 2",758,024543169482
"I Inside",Thriller,"CDISK2 33",759,786936275308
"I Know Who Killed Me",Thriller,,760,043396214705
"Ice Age",Animation,"S1 S13",761,024543046646
"Ice Age Meltdown",Animation,S13,762,024543377719
"Ice Harvest",Music,S10,763,025192629624
"Ice Queen",Horror,"CDISK3 68",764,039414520453
"Ichi The Killer",Action,"CDISK3 72",765,631595031782
"If We Had No Moon",Documentary,"CDISK2 88",766,693432
"Imaginary Heroes",Drama,396,767,043396111196
Immortal,Sci-Fi,"CDISK2 30",768,687797109590
"In America",Comedy,"CDISK2 29",769,024543116714
"In Her Shoes",Drama,S4,770,024543223818
"In Memoriam: New York City 9/11/01",Documentary,"CDISK3 82",771,N/A
"In Seach Of History: The Loch Ness Monster",Documentary,S3,772,733961727890
"In The Shadows",Drama,186,773,658149797925
Incredibles,Animation,"CDISK2 94",774,786936244250
"Independence Day",Action,"CDISK3 25 26",775,024543000457
"Indiana Jones Trilogy 1 of 3",Action,211,776,097360612547
"Indiana Jones Trilogy 2 of 3",Action,212,777,097360612547
"Indiana Jones Trilogy 3 of 3",Action,213,778,097360612547
Infection,Horror,"CDISK1 51",779,031398174707
"Infernal Affairs",Crime,"CDISK1 29 S13",780,786936267266
"Inside islam",Documentary,"CDISK2 92",781,733961706529
"Inside Man",Drama,S11,782,025192884726
"Inside the U.S. Secret Service",Documentary,"CDISK2 72",783,727994750864
Insomnia,Crime,"DVDW2 25",784,085392330720
"Inspector Gadget",Sci-Fi,"BB 65",785,717951005113
"Inspector Gadget 2",Action,"BS 35 36",786,786936203387
"Inspector Gadget's Biggest Caper Ever",Animation,298,787,012236179849
"Internal Affairs",Action,"GP2 29 30 31 32",788,097363224570
Interpreter,Thriller,"CDISK2 112",789,025192583520
"Into The Blue",Action,"CDISK3 81",790,043396118195
"Into The Deep",Documentary,"BS 24",791,794051800022
"Into The Sun",Action,"CDISK1 111",792,043396024946
"Intolerable Cruelty",Comedy,"DVDW1 48",793,025192281426
Invincible,Action,340,794,786936216448
"Invincible Iron Man",Animation,"",795,031398207481
I-Robot,Sci-Fi,,796,024543151906
"Iron Giant",Animation,"BP 16 CDISK2 104",797,085391764427
"Iron Monkey",Action,"DVDW2 65",798,786936173123
Island,Action,400,799,678149197020
"Island of The Dead",Horror,"RP 23 24",800,024543043485
"Italian Job",Adventure,"BC 16 17",801,097363304746
J.S.A.,Drama,S3,802,660200310929
"Jackie Brown",Drama,"CDISK2 97",803,786936161564
"Jackie Chan Project A",Action,"DVDW2 76",804,717951005069
"Jackie Chan's First Strike",Action,S1,805,794043466922
"Jackie Chan's Project A2",Action,S1,806,786936219548
Jarhead,Drama,S8,807,025192784224
"Jason X",Horror,"GP2 35 36",808,794043562822
"Jay and Silent Bob Strike Back",Comedy,"DVDW2 23",809,786936169195
"Jeepers Creepers",Horror,"BO2 24",810,027616869753
Jekyll+Hyde,Thriller,,811,031398194118
Jerk,Comedy,"CDISK3 23",812,025192021428
"Jerry Maguire",Comedy,S9,813,043396020665
"Jet Li The Enforcer",Action,"DVDW2 63",814,717951005519
"Jet Li The Master",Action,"DVDW2 63",815,786936193770
"Jet Li The One",Action,"DVDW1 60 61",816,043396063921
"Jiminy Glick In La La Wood",Comedy,S10,817,027616928207
"Jimmy Neutron",Animation,"PO 82 83",818,097363382645
"Joan of Arc",Adventure,291,819,012236115922
"Joe Dirt",Comedy,"BB 78",820,043396061613
"Joe Somebody",Comedy,"BP 9",821,024543042402
"John Cusack High Fidelity",Comedy,"BB 112",822,717951009944
"John Q",Drama,"DVDW2 42",823,794043546822
"Johny English",Action,"DVDW2 66",824,025192281921
"Jojo's Circus Animal A Go-Go",Animation,"CDISK3 104",825,786936273991
"Josie and The Pussycats",Comedy,,826,025192137723
"Journey of a Lifetime",Documentary,224,827,033937080753
"Journey of Man",Documentary,S12,828,79405488233
"Journey to the Center of the Earth",Sci-Fi,"CDISK1 90",829,707729110569
"Joy Ride",Thriller,"RP 21",830,024543036258
"Judge Dredd",Action,"PO 78 79",831,717951000644
Jumanji,Family,384,832,043396117426
"Jurassic Park",Action,"CDISK2 47 48",833,025192003226
"Jurassic Park II - The Lost World",Action,S1,834,025192111228
"Just a Little Harmless Sex (1999)",Drama,"BB 74",835,757449336732
"Just Cause",Mystery,S2,836,085391362326
"Just Friends",Comedy,S8,837,794043101762
"Just Married",Comedy,"DVDW1 39",838,024543072263
"Just Visiting",Comedy,"T1 93",839,786936162141
"Justice League",Animation,S7,840,085392223626
"Justice League Unlimited: Joining Forces",Animation,S4,841,012569684416
"K-19: The Widowmaker",Drama,"CDP1 4 5 6",842,097363402145
Kalifornia,Crime,394,843,027616851550
"Kangaroo Jack",Adventure,"DVDW1 63",844,085392454129
"Kangaroo Jack: G 'Day USA",Animation,"DVDW1 8",845,085393890322
"Kathy Smith Latin Rhythm Workout",Documentary,"BB 80",846,074645159492
"Keena: The Prophecy",Sci-Fi,"CDISK1 91",847,043396037731
"Kids In America",Comedy,S11,848,025192991820
"Kiki's Delivery Service",Animation,"CDISK2 68",849,786936175226
"Kill Bill Volume 1",Action,"DVDW2 53",850,786936226997
"Kill Bill Volume 2",Action,"DVDW2 54",851,786936245783
Killer,Action,"DVDW1 38",852,71551500897
"Kim Possible The Movie",Adventure,S6,853,786936277852
"King Arthur",Action,124,854,786936242836
"King Kong",Adventure,S7,855,025192626029
"King of Beggars",Action,"CDISK2 42",856,601643333748
"King of Comedy",Comedy,"DVDW2 64",857,601643664941
"Kingdom of Heaven",Action,354,858,024543206408
Kingpin,Comedy,324,859,027616627520
"King's Ransom",Comedy,S6,860,794043826320
"Kiss Kiss Bang Bang",Action,S10,861,012569586710
"Kiss of The Dragon",Action,"DVDW2 5 S11",862,024543030454
"Knock Knock I Am Looking to Marry",Romance,"T1 110",863,N/A
"Knockaround Guys",Action,"BS2 39 40",864,794043541025
Knots,Comedy,"CDISK1 120",865,031398173762
Kolya,Drama,"DVDW1 64",866,786936190458
Kundun,Biography,"CDISK2 54",867,717951000576
"Kung Fu Hustle",Action,58,868,043396108820
"Kung Fu Mahjong",Comedy,381,869,601641689540
"Kung Phooey",Comedy,244,870,821575526159
"Kung Pow : Enter the Fist",Comedy,"BO 42",871,024543043881
"L.A. Confidential",Crime,S2,872,085391491323
"L.A. Story",Comedy,162,873,012236119043
"L4yer Cake",Crime,"CDISK3 16",874,043396108899
"La Dolce Vita",Drama,"DVDW1 69",875,741952301295
"La Femme Nikita",Action,"DVDW1 75",876,027616853882
"Ladder 49",Action,350,877,786936242638
"Ladies Man",Comedy,"BO 31",878,097363376446
"Lady Killers",Comedy,"DVDW2 45",879,786936239508
"Lake Placid",Comedy,"BO2 43",880,024543000020
"Lamborghini Experience: 40 Years of Excellence",Documentary,"CDISK3 9 10",881,880942000012
"Land of The Dead",Action,355,882,025192870224
Langoliers,Sci-Fi,"T1 108",883,017153100211
Lantana,Drama,"T1 99",884,031398802020
"Lara Croft Tomb Raider The Cradle of Life",Action,S1,885,097363407249
"Lara Croft: Tomb Raider",Action,"DVDW2 74 S1",886,097363367543
Laserblast,Sci-Fi,"BS 4",887,763843801660
"Last Action Hero",Action,"CDISK2 114",888,043396279391
"Last Boy Scout",Action,189,889,085391221722
"Last Castle",Action,"BO 35 36",890,667068987027
"Last Drop",Action,S8,891,687797112590
"Last Life in The Universe",Drama,"CDISK1 17",892,660200310325
"Last Mimzy","Science Fiction",,893,794043109164
"Last Ride",Drama,"CDISK1 58",894,025192724220
"Last Samurai",Action,"DVDW1 82",895,085392838325
"Last Shot",Comedy,138,896,786936242881
"Last Standing Man",Action,282,897,794043450723
"Lathe of Heaven",Sci-Fi,356,898,733961704099
"Lawnmower Man",Sci-Fi,"BO 53 54",899,794043409226
"Laws of Attraction",Comedy,"DVDW2 69",900,794043725524
"League of Extraordinary Gentlemen",Action,"BC 56 57 58",901,024543101802
"Left Behind",Action,S6,902,745638001936
"Left Behind World At War",Drama,161,903,043396110281
"Legally Blonde 2",Comedy,"BC 61 62",904,027616898968
Legend,Fantasy,"CDISK3 98",905,025192177521
"Legend of Swordsman",Action,S1,906,786936193787
"Legend of Zorro",Action,S4,907,043396102323
"Legend of Zu",Sci-Fi,"DVDW2 71",908,4895080001414
"Legends of The Fall",Drama,"CDISK1 66",909,043396787292
Legionnaire,Action,306,910,658149714526
"Lemony Snicket's A Series of Unfortunate Events",Comedy,"CDISK1 117",911,097363407645
"Leroy & Stitch",Animation,S11,912,786936298765
"Lessons For An Assasin",Drama,"DVDW1 49",913,039414597141
"Lethal Target",Sci-Fi,"BO2 5 6",914,634991111928
"Lethal Weapon",Action,"CDISK3 125",915,085391170921
"Lethal Weapon 2",Action,"CDISK3 126",916,085391629023
"Lethal Weapon 3",Action,S5,917,085391247524
"Librarian: Quest for the Spear",Action,128,918,053939690125
"License to Kill",Action,S4,919,111111111111
Life,Drama,"CDISK1 114",920,025192695322
"Life Aquatic",Comedy,"CDISK1 49",921,786936242942
"Life As A House",Drama,"PO 21 22",922,794043547126
"Life Beyond Earth",Documentary,"CDISK1 9",923,097368856943
Lifeforce,Horror,"DVDW1 79",924,027616701725
Lifestyle,Documentary,"RP 29 30",925,720917526133
"Lilo and Stitch",Animation,"CDISK3 76",926,786936165142
"Lilo and Stitch 2",Animation,17,927,786936240139
"Lion King",Family,"DVDW1 11",928,717951004000
"Lion King 2",Animation,"DVDW2 50",929,786936231717
"Little Mermaid II",Adventure,"CDISK3 15",930,717951007445
"Live Free or Die Hard",Action,,931,024543476078
"Living Daylights",Action,S6,932,027616853943
"Lizzie McGuire",Comedy,"BC 39 40 41",933,786936223576
"Lock, Stock and Two Smoking Barrels",Crime,"DVDW1 116",934,044005939125
"Long Kiss Goodnight",Action,S5,935,794043444623
"Long Walk Home",Drama,"BS 83 84",936,012236133841
"Longest Yard",Comedy,"DVDW2 4",937,097363434948
"Lord of the Rings: The Fellowship of the Ring, The",Fantasy,"DVDW2 17",938,794043554223
"Lord of the Rings: The Return of the King, The",Fantasy,"DVDW1 99",939,794043692925
"Lord of The Rings: Two Towers",Fantasy,"DVDW1 23",940,794043635526
"Lord of War",Crime,S2,941,031398188018
"Lords of Dogtown",Action,"CDISK3 83",942,043396123717
"Lost In Translation",Drama,"DVDW1 20",943,025192395727
"Lost Souls",Horror,S10,944,794043520723
"Lupin The 3rd",Anime,"PO 76 77",945,013023194595
Machinist,Drama,"CDISK3 80",946,097363441441
"Mad Max",Action,"CDISK2 62",947,027616869241
"Mad Max Beyond Thunderdome",Action,"CDISK3 18 19",948,085391151920
Madagascar,Animation,296,949,678149456929
"Madonna The Drowned World Tour 2001",Musical,S5,950,075993855821
"Madonna: The Immaculate Collection",Musical,1,951,075993819526
"Madonna: The Video Collection 1993 - 1999",Musical,"CDISK3 4",952,075993850628
"Magnificent Warriors",Action,"DVDW2 61 62",953,024543078487
"Magnum Force",Action,"GP2 69 70 71",954,085391859925
"Mail Order Bride",Comedy,"CDISK1 71",955,723952077059
Mallrats,Comedy,295,956,025192001925
Man,Comedy,S2,957,794043100901
"Man of The House",Action,S3,958,043396031708
"Man On Fire",Action,"DVDW2 47",959,024543139652
"Man Who Fell To Earth",Sci-Fi,"BS2 25 26",960,720917503929
"Man With Two Brains",Comedy,"GP 29",961,085391637523
Man-Thing,Horror,"CDISK2 10",962,012236176237
"March of The Penguins",Documentary,S6,963,012569736573
Mariachi,Action,S6,964,043396093065
"Marked for Death",Action,"DVDW2 37",965,086162090677
Marksman,Action,171,966,043396117105
"Mars Attacks",Comedy,"BO 67 68",967,085391448020
Mask,Comedy,"GP 19",968,794043401121
"Mask of Zorro",Action,"CDISK3 106",969,043396040618
"Master and Commander",Action,"DVDW1 68",970,024543114215
"Master's of Disguise",Comedy,"RP 48",971,043396082892
Matador,Thriller,S11,972,796019791595
"Matchstick Men",Comedy,"DVDW1 22",973,085392467723
"Materials Girl",Comedy,S14,974,027616062000
Matrix,Action,"DVDW2 63",975,085391773726
"Matrix Reloaded",Sci-Fi,"CDISK3 33 34",976,085392864829
"Matrix Revisted",Documentary,"BS2 55 56 57",977,085391900726
"Matrix Revolutions, The",Action,"DVDW1 58",978,085393320928
"Me & Isaac Newton",Documentary,"CDISK2 49",979,037429166925
"Me, Myself and Irene",Comedy,"T1 121",980,024543006251
"Meet The Pockers",Comedy,"CDISK1 115",981,025192582325
"Melinda and Melinda",Comedy,S3,982,024543189299
Meltdown,Action,"DVDW1 61",983,043396065949
Memento,Drama,"T1 78",984,043396065987
"Memoirs of a Geisha",Drama,S7,985,043396111592
"Memory of A Killer",Action,S6,986,043396126572
"Men In Black",Action,376,987,043396826595
"Men In Black",Sci-Fi,"RP 36",988,043396087712
"Men of Honor",Drama,S1,989,024543016656
"Mercenary for Justice",Action,S7,990,024543236931
"Mercury Rising",Action,"BP 47 48",991,025192033322
Mesmerized,Drama,"BS 63 64",992,619543002732
Metropolis,Anime,"BP 7",993,043396077966
"Mexican, The",Romance,"DVDW2 20",994,667068782226
"Michael Jackson: Video Greatest Hits - HIStory",Musical,"DVDW2 109",995,074645012391
"Mickey and The Beanstalk",Animation,"CDISK3 54",996,786936266665
"Midnight Cowboy",Drama,"CDP1 92 93 94",997,0792833287
"Midnight Street Racing",Action,"DVDW1 9",998,787364439294
"Midsummer Night's Save",Comedy,"CDISK1 112",999,821575528955
"Millennium Mambo",Drama,"CDISK1 52",1000,031398160809
"Million Dollar Baby",Drama,S7,1001,012569593237
Millions,Comedy,141,1002,024543199052
Mimic,Sci-Fi,"CDISK3 58",1003,717951000323
"Mimic 2",Horror,"T1 112",1004,786936144680
"Mimic 3",Horror,"T1 113",1005,786936230390
"Mind Hunters",Action,131,1006,786936244557
"Minority Report",Action,"DVDW1 127 S12",1007,667068998924
Minotaur,Action,S12,1008,031398194347
"Minus Man",Drama,"CDISK3 79",1009,012236101659
"Miss Congeniality",Action,"PO 9 10 11",1010,085391897620
"Miss Congeniality 2",Comedy,"CDISK2 16",1011,012569593312
Missing,Drama,"DVDW1 19",1012,043396025431
"Mission Impossible",Action,S13,1013,097361549774
"Mission Impossible 2",Action,"DVDW2 97",1014,097363348740
"Mission Impossible 3",Action,S13,1015,097363398745
"Mission: Impossible Special Collector's Edition",Action,"DVDW2 96 S8",1016,097360420449
"Mixmasters Episode One",Musical,"BS2 47 48",1017,785688910390
"Mobyplay The DVD",Musical,"RP 14",1018,638812710093
Moldiver,Anime,"RP 57 58",1019,013023149090
Monkeybone,Comedy,"BB 48",1020,024543019350
Monster,Crime,"DVDW2 28",1021,043396055520
"Monster's Ball",Drama,209,1022,658149798229
"Monsters Inc",Animation,"BO2 30 S12",1023,786936164886
"Mothman Prophecies",Thriller,"DVDW1 5",1024,043396078086
"Motocycle Diaries",Adventure,"CDISK2 52",1025,025192594229
"Motor Home Massacre",Horror,"CDISK2 95",1026,012236193722
"Moulin Rouge",Drama,"GP2 83 84 85 86 87 88 89",1027,024543008705
"MPD Psycho",Horror,"CDISK1 89",1028,634991232623
"Mr Deeds",Comedy,"BS3 48",1029,043396078222
"Mr Magoo",Family,"CDISK2 116",1030,717951000361
"Mr. & Mrs. Smith",Action,182,1031,024543213710
"Mulholland Dr",Drama,"GP 37 38",1032,025192178023
Munich,Drama,S8,1033,025192182327
"Murder At The Presidio",Crime,301,1034,043396115484
"Murder On The Border",Crime,S11,1035,824355516920
Musketeer,Action,"DVDW2 34",1036,025192176524
"Must Love Dog",Comedy,25,1037,012569593459
"My Cousin Vinny",Comedy,"BS3 100",1038,024543005315
"My Dog Skip",Drama,"CDISK2 5",1039,085391828624
"My Neighbor Totoro",Animation,"BO2 91 92",1040,024543061663
"My Science Project",Adventure,"DVDW1 100",1041,013131241792
"Mysteries and Myths of the 20th Century Amelia Earhart, Lindbergh's Son",Documentary,"DVDW1 28",1042,056775042998
"Mystery Men",Comedy,377,1043,025192068829
"Mystic Pizza",Drama,"BB 68",1044,027616857781
"Mystic River",Drama,"DVDW2 42",1045,085392772124
"Myths and Logic of Shaolin",Documentary,"DVDW1 38",1046,601641294843
"Nadia The Adventure Begins",Animation,"DVDW1 81",1047,702727012327
"Naked Killer",Drama,S13,1048,024543078494
"Naked Weapon",Action,"DVDW2 83",1049,829567009024
"Nanny McPhee",Comedy,S7,1050,025192630927
"Napoleon Dynamite",Comedy,139,1051,024543143925
NARC,Mystery,"DVDW1 97",1052,097363418344
"National Lampoon Presents Dorm Daze",Comedy,"CDISK1 7",1053,027616912176
"National Lampoon's Adam and Eve",Comedy,S5,1054,794043839221
"National Lampoon's Animal House",Comedy,44,1055,025192155024
"National Lampoon's Barely Legal",Comedy,S4,1056,27616129376
"National Lampoon's Christmas Vacation",Comedy,"GP 14",1057,085391188926
"National Lampoon's Going The Distance",Comedy,S4,1058,027616925800
"National Lampoon's Gold Diggers",Comedy,"CDISK1 65",1059,027616924452
"National Lampoon's Holiday Reunion",Comedy,"CDISK1 107",1060,024543150251
"National Lampoon's Lost Reality 2",Comedy,"DVDW2 99",1061,634991248327
"National Lampoon's Vacation",Comedy,"GP 11",1062,085391131526
"National Lampoon's Van Wilder",Comedy,"CDP1 77 78 79",1063,012236129363
"National Security",Action,"DVDW2 27",1064,043396078208
"National Treasure",Action,18,1065,786936242928
"Natural Born Killers",Horror,"RP 49 50 51",1066,031398729228
"Navy Seals",Action,127,1067,027616858696
"Ned Kelly",Drama,"T1 77",1068,025192328923
Negotiator,Action,"CDISK3 110",1069,085391675020
"Neon Genesis Evangelion Collection 0:1",Anime,"RP 17 18",1070,702727001123
Nest,Action,"CDISK2 11",1071,031398157250
"Net, The (1995)",Sci-Fi,"BS3 119",1072,043396116191
"Never Die Alone",Thriller,"T1 72",1073,024543129011
"Never Talk to Strangers",Thriller,S2,1074,043396118096
"New Police Story",Action,S7,1075,031398177722
"New Suit",Comedy,"CDISK1 69",1076,039414520361
Next,Action,,1077,097363516644
"Next of Kin",Action,334,1078,012569067028
"Nice Guy Sleep Alone",Romance,368,1079,658769206432
"Night at the Roxbury, A (1998)",Comedy,"BP 42",1080,097363359470
"Night Shift",Action,"GP 79 80",1081,085392000623
"Night Watch","Supernatural & Paranormal",S10,1082,024543237488
"Nighthawks, The",Action,"GP 87",1083,018713831088
"Nightmare Before Christmas",Animation,"DVDW2 12",1084,717951009395
"Nine Queens",Crime,"T1 95",1085,043396079014
"No Way Out",Drama,"CDISK3 116",1086,027616843623
"No Witness",Thriller,316,1087,014381273328
"North Country",Drama,S6,1088,012569593404
"Nos Miran",Drama,S7,1089,012569724433
Notebook,Drama,S11,1090,794043749728
Nothing,Comedy,"DVDW2 18",1091,039414520545
Novo,Drama,S4,1092,027616925138
Novocaine,Comedy,"T1 123",1093,012236123507
"Now and Then Here and There",Anime,"BO2 87 88",1094,719987212220
"Number 23",Drama,,1095,794043106880
"Nutty Professor",Comedy,"GP 18",1096,025192014826
"Ocean's Eleven",Drama,"DVDW2 22",1097,085392263424
"Ocean's Twelve",Comedy,"CDISK1 12",1098,085393894825
"Odyssey Into The Mind's Eye",Musical,"CDISK3 8",1099,074644987799
"Of Mice and Men",Drama,"DVDW1 14",1100,027616850119
"Office Space",Comedy,"DVDW1 119 120",1101,086162118456
"Old School",Comedy,"BS 93 94",1102,678149056129
"Omega Code 2",Sci-Fi,"BO 39 40",1103,018713813046
"Omega Doom","Multi-Feature Discs","GP2 61",1104,043396049192
"Once A Thief",Action,"DVDW2 91",1105,043396084254
"Once Upon A Time In China",Action,"DVDW2 80",1106,043396056725
"Once Upon A Time In Mexico",Crime,"DVDW1 2",1107,043396087170
"Ong-Bak The Thai Warrior",Action,174,1108,024543204084
"Only The Strong",Action,"DVDW2 38",1109,024543101475
"Open Water",Thriller,"CDISK1 34",1110,031398167341
"Operation Condor",Action,"CDISK1 15 16",1111,717951002921
"Operation Condor 2",Action,"BP 10",1112,717951002938
"Orange County",Comedy,"RP 19",1113,097363359241
"Organized Crime & Triad Bureau",Asian,S14,1114,601643513645
"Original Sin",Thriller,"CDISK3 112",1115,027616861498
Others,Horror,"BO2 19 20",1116,786936166552
"Out For A Kill",Action,S10,1117,043396014763
"Out of Africa",Drama,"BS2 19 20 21",1118,025192025020
"Out of Sight",Action,S2,1119,025192034022
"Out of Time",Crime,"DVDW1 12",1120,027616901798
Outbreak,Action,"BS 61 62",1121,085391363224
Outland,Crime,"DVDW1 72",1122,085391498223
Pacifier,Comedy,"CDISK2 108",1123,786936278057
"Panic Room",Drama,"GP2 81 82",1124,043396064577
Pantaleon,Comedy,"T1 109",1125,024543090472
Papillon,Drama,"T1 106",1126,012569083226
"Paranoia: 1.0",Thriller,"CDISK3 36",1127,821575532655
"Party Monster",Drama,"CDISK2 85",1128,024543106814
"Passenger 57",Action,"RP 20",1129,085391256922
"Passion of The Christ",Drama,"DVDW2 43 44",1130,024543129752
"Path Of The Dragon: Bruce Lee",Documentary,"DVDW2 22",1131,084296402342
"Patlabor 2",Anime,"CDP1 40 41 42",1132,660200405526
"Patlabor WXIII: The Movie",Sci-Fi,"CDISK2 41",1133,013023193598
"Patriot Games",Action,S5,1134,097363253075
"Pay It Forward",Drama,"GP 15 16",1135,085391887720
Payback,Crime,"DVDW1 125",1136,097363363279
Paycheck,Sci-Fi,"DVDW1 92",1137,097363380344
"Pearl Harbor",Drama,"DVDW2 82",1138,786936164282
"People vs. Larry Flynt",Biography,S4,1139,043396006058
"Perfect Man",Comedy,152,1140,025192630026
"Perfect Stranger",Crime,,1141,043396183841
"Peter Pan",Adventure,"DVDW1 86",1142,025192307225
Phantoms,Thriller,"CDISK3 92",1143,717951000590
"Phase IV",Action,"CDISK1 20",1144,024543117230
"Phil The Alien",Comedy,S12,1145,025192966729
"Phone Booth",Crime,S2,1146,024543080480
Pi,Short,"DVDW1 69",1147,012236049401
Ping!,Comedy,"GP 63 DVDW1 13",1148,024543021568
"Pirates of Silicon Valley",Drama,S14,1149,053939699623
"Pirates of The Caribean",Adventure,"BC 59 60",1150,786936224306
"Plan B",Comedy,S9,1151,012569693371
"Planet of The Apes",Fantasy,"PO 49 50 51 52",1152,024543028970
"Planetary Traveler",Musical,"CDISK3 8",1153,720917300122
Platoon,Action,210,1154,027616851567
Pocahontas,Animation,"CDISK1 19",1155,786936157147
"Polar Express",Animation,6,1156,085393895426
"Popeye The Sailor: When Popeye Ruled The Seven Seas",Animation,"GP2 75",1157,018713813213
"Popeye The Sailor: When Popeye Ruled The World (Goodtimes)",Animation,"GP2 76",1158,018713813329
"Porky's",Comedy,365,1159,086162090691
Poseidon,Thriller,S12,1160,012569830127
Postman,Drama,S2,1161,085391551928
"Powerful Four",Asian,S14,1162,601643200842
"Practical Magic",Comedy,"GP 26",1163,085391632221
Predator,Action,"T1 116",1164,024543010852
Premonition,Horror,114,1165,031398174295
"Pretty Woman",Comedy,379,1166,717951007797
"Primal Fear",Drama,"DVDW1 74",1167,097363283270
Primer,Drama,"CDISK1 39",1168,794043784927
Producers,Musical,S9,1169,025192843723
Professional,Action,349,1170,043396747494
Proof,Drama,S6,1171,786936296303
Prophecy,Horror,"CDISK1 116",1172,786936286342
Psychic,"Serial Killers",S9,1173,031398177937
Pterodactyl,Horror,S6,1174,758445401721
"Pulp Fiction ",Action,"CDISK2 80",1175,717951000217
Pulse,Horror,S6,1176,876964000055
Punisher,Action,"DVDW2 46",1177,012236162438
"Punk Drunk Love",Comedy,"DVDW1 106",1178,043396013339
"Puppet Masters",Sci-Fi,"GP2 95 96",1179,786936188363
"Qayamat Se Qayamat Tak",Action,"DVDW3 93",1180,N/A
"Queen's of The Damned",Horror,"CDISK1 60",1181,085392330423
Quills,Comedy,"GP2 57 58",1182,024543016625
"Raging Sharks",Sci-Fi,"CDISK3 63",1183,039414520491
"Rain Man",Adventure,S4,1184,027616884169
"Raising Arizona",Action,287,1185,086162123023
"Rambo II",Action,"DVDW2 77",1186,012236163572
"Rambo III",Action,"CDP1 101 102 103",1187,012236046707
"Rambo: First Blood",Action,"DVDW2 71",1188,012236126522
"Rampage: The Hillside Strangler Murders",Thriller,"CDISK3 123",1189,027616131263
"Ranma 1/2 Movie",Anime,"BO2 86",1190,013023004696
Ransom,Action,"CDP1 89 90 91",1191,717951000026
"Rat Race",Comedy,"BB 69",1192,097363368441
"Real Cancun",Comedy,"CDISK1 123",1193,794043652127
Reaping,Horror,,1194,012569736702
Rebound,Comedy,S4,1195,024543217015
"Recess School's Out",Animation,"CDISK2 100",1196,786936147902
Recruit,Thriller,"DVDW1 54",1197,786936207996
"Red Eye",Thriller,"CDISK3 122",1198,678149447224
"Red Heat",Action,"DVDW2 109",1199,012236118763
"Reefer Madness",Comedy,148,1200,758445115628
"Reign of Fire",Action,"BO2 59 60",1201,786936191417
Relic,Horror,385,1202,097363315476
"Replacement Killers",Action,"CDP1 97",1203,043396142312
Replicant,Action,"DVDW1 101",1204,012236119944
Repli-Kate,Comedy,175,1205,804868409384
"Reservoir Dogs",Adventure,"CDISK2 86",1206,012236044208
"Resident Evil",Action,226,1207,043396082915
"Resident Evil Apocalyse",Action,S1,1208,043396037953
"Resident Evil Extinction",Action,S19,1209,043396190832
"Return of The Dragon",Action,"DVDW1 78",1210,024543018049
"Return of The Jedi",Sci-Fi,S11,1211,024543263937
"Return of the Texas Chainsaw Massacre, The",Comedy,"GP2 59",1212,043396037410
"Return to A Better Tomorrow",Asian,S14,1213,601643377148
Returner,Action,"DVDW1 16",1214,043396008175
"Richard Nixon",Documentary,"CDISK2 71",1215,733961727708
"Ricky Martin One Night Only",Musical,"BS3 113",1216,074645020990
"Riding The Bullet",Horror,146,1217,031398172529
Ring,Drama,S1,1218,667068998023
Ringer,Comedy,S8,1219,024543235231
"Rip It Off",Crime,,1220,658149811928
"Rise of Taj","College Life",,1221,027616074270
"Road Kill",Action,"DVDW2 33",1222,024543043447
"Road Rage",Documentary,"CDISK1 18",1223,066805300790
"Road Rage II",Documentary,"CDISK1 18",1224,711929200111
"Road to Perdition",Crime,"DVDW2 19",1225,678149014723
"Road Trip",Comedy,"DVDW2 24",1226,667068639520
"Road Warrior",Action,"CDISK3 17 19",1227,085391118121
"Robin Hood",Action,"DVDW2 6 S13",1228,085391400028
Robosapiens,Documentary,"DVDW2 117",1229,688267
Robots,Animation,"CDISK2 111",1230,024543193913
Rock,Action,"CDISK2 61",1231,717951000040
Rocketeer,Action,"RP 43 44",1232,717951003195
"Rod Steele",Action,345,1233,736991665392
"Romeo Must Die",Action,"DVDW2 73",1234,085391812821
Ronin,Action,S5,1235,027616743923
"Roswell Report: Case Closed",Documentary,"T1 4",1236,014381437225
"Roswell The Cover Up",Sci-Fi,S11,1237,017153130812
Rottweiler,Horror,313,1238,031398176893
Rounders,Drama,"DVDW1 112",1239,717951001535
"Royal Tenenbaums",Comedy,"RP 25 26",1240,786936165425
RPM,Action,"BS 14",1241,024543055808
"Rugrats Go Wild",Animation,"DVDW1 27",1242,097363405245
"Rumble In The Bronx",Action,"GP2 5 6 7 8",1243,794043441028
"Run Lola Run",Action,"CDISK3 61",1244,043396040144
"Runaway Bride",Romance,"BB 58",1245,097363238447
Rundown,Action,"DVDW1 67",1246,025192329029
"Running Out of Time",Action,"DVDW2 126 S12",1247,111111111111
"Running Scared",Thriller,S9,1248,794043103056
"Rush Hour",Action,"BB 103",1249,794043717284
"Rush Hour 2",Action,"BB 104",1250,794043540424
Rushmore,Romance,"T1 125",1251,717951002983
RV,Comedy,S11,1252,043396148307
S.W.A.T.,Action,"DVDW2 15",1253,043396006249
Saathiya,Drama,S14,1254,028157207592
Sahara,Action,"CDISK2 105",1255,097363418146
"Salton Sea",Crime,S2,1256,085391888222
"Saturday Night Fever",Drama,"DVDW1 40",1257,097360111347
"Saturday Night Live: Best of Chris Kattan",Comedy,"CDISK1 113",1258,031398163039
"Saturday Night Live: The Best of Will Ferrell",Comedy,"DVDW2 3",1259,031398841920
"Saving Private Ryan",Drama,"CDISK2 123",1260,667068466423
"Saving Silverman",Comedy,"BS3 34",1261,043396070660
"Saving the National Treasures: Nova",Documentary,"CDISK3 69",1262,783421370494
"Saw II",Crime,S6,1263,031398188599
Scarface,Crime,"DVDW1 73",1264,025192315725
Scarred,Horror,"CDISK3 66",1265,039414520521
"Scary Movie",Comedy,"BP 3",1266,717951004857
"Scary Movie 2",Comedy,"BP 4",1267,786936165357
"Scary Movie 3",Comedy,"DVDW1 90",1268,786936237863
"School of Life",Comedy,S6,1269,025192966224
"School of Rock",Comedy,"DVDW2 101",1270,097363385141
"Science of The Sexes: Different by Design",Documentary,"DVDW2 19",1271,683862
"Science of the Sexes: Growing Up",Documentary,"DVDW3 82",1272,683862
"Scooby-Doo 2",Comedy,"DVDW2 48",1273,085392839926
Score,Crime,"DVDW1 110 T1 6",1274,097363392149
Se7en,Thriller,"BB 115 116",1275,794043499722
"Second In Command",Action,S7,1276,043396138230
"Secondhand Lions",Drama,"DVDW1 57",1277,794043690426
"Secret Window",Drama,"DVDW1 66",1278,043396036635
Secretary,Drama,"BS 17 18",1279,658149811324
"Secrets of Future Air Power",Documentary,"DVDW2 26",1280,N/A
"Seed of Chucky",Comedy,"CDISK2 56",1281,025192580123
"Senorita Justice",Action,S10,1282,031398155393
Sentinel,Thriller,S12,1283,024543266020
Serenity,Action,46,1284,025192632723
"Serial Killing 101",Horror,"CDISK2 37",1285,031398117940
"Seventh Curse",Horror,"CDP1 96",1286,4895024901756
"Sex and Lucia",Drama,"DVDW1 21",1287,031398827429
"Sex and The Teenage Mind",Comedy,S10,1288,027616928955
Shade,Crime,S4,1289,085393482725
"Shadow Man",Action,S11,1290,043396149915
"Shaft, The",Action,180,1291,012236141129
Shakedown,Action,166,1292,736991470293
"Shall We Dance",Comedy,"CDISK1 74",1293,786936273298
"Shallow Grave",Horror,"GP 52",1294,027616780027
"Shaolin Soccer",Comedy,"DVDW2 39 40",1295,786936208412
"Shaolin vs Evil Dead",Action,"CDISK1 104",1296,601641657242
"Shaolin: Wheel of Life",Documentary,"DVDW1 38",1297,025192141928
"Shape of Things",Drama,342,1298,025192281327
"Shark Tale",Animation,389,1299,678149195521
"Shawshank Redemption",Drama,S2,1300,053939258325
Shining,Drama,S10,1301,085392252626
"Shining, The",Horror,"BO2 41 42",1302,085392115624
Shiri,Drama,"CDISK1 28",1303,043396067851
"Shop Girl",Drama,S7,1304,786936282986
"Short Cinema Journal 1:5",Drama,"DVDW1 34",1305,044005539325
Showtime,Action,"DVDW2 20",1306,085392330225
Shrek,Animation,"BB 59",1307,667068901221
"Shrek 2",Animation,"CDISK3 128",1308,678149087123
Sideways,Comedy,"CDISK1 127",1309,024543175780
Siege,Action,"BO 15 16",1310,024543010913
Signs,Drama,"T1 107",1311,786936197594
"Silence of The Lambs",Thriller,"GP 45 46",1312,027616865502
"Silver Hawk",Action,135,1313,025192858529
"Simpsons Fourth Season",Animation,"CDISK2 101 102 103 104",1314,024543119173
"Simpsons The Movie",Animation,,1315,024543484271
"Simpsons, The: The Complete First Season",Animation,"DVDW1 73 74",1316,024543009016
"Simpsons, The: The Complete Second Season",Animation,"DVDW1 75 76 ? ?",1317,024543037156
Sin,Crime,"DVDW1 96",1318,043396016422
"Sin City ",Thriller,"CDISK2 84",1319,786936291568
"Sinbad Legend of The Seven Seas",Animation,"T1 83",1320,678149083729
Sirens,Comedy,"BO2 94",1321,717951001931
"Six Strong Guys",Comedy,126,1322,601641592345
Sixtynin9,Thriller,"CDISK1 73",1323,N/A
"Skeleton Key",Drama,371,1324,025192585029
"Skeleton Man",Action,"CDISK3 60",1325,096009398798
Skinwalkers,Werewolves,,1326,031398214137
"Skulls 2",Thriller,S6,1327,025192149023
"Sky Captain and The War of The World",Sci-Fi,,1328,097363434146
"Sky High",Action,362,1329,786936288353
Sleepers,Drama,"CDISK1 68",1330,085391448228
"Sleeping Dogs Lie","Rocky Relationships",,1331,687797117595
"Sleepy Hollow",Horror,"DVDW2 5",1332,097363296249
"Small Time Crooks",Comedy,177,1333,667068640229
Smokers,Drama,"BB 79",1334,027616864864
"Smokin' Aces",Thriller,,1335,025193226624
"Snakes On The Plane",Reptiles,,1336,794043105487
Snatch,Crime,"DVDW1 103",1337,043396062535
"Sniper 2",Action,"DVDW2 85",1338,043396085893
"Sniper 3",Action,"CDISK1 122",1339,043396035072
"Snow Dogs",Comedy,"BS 27 28",1340,786936184914
"So Close",Sci-Fi,"DVDW1 1",1341,043396098688
"So I Married An Axe Murderer",Comedy,"BO2 29",1342,043396524293
"Something Gotta Give",Comedy,"DVDW1 71",1343,043396013025
"Songs of The Millenium",Musical,"T1 87",1344,N/A
"Sordid Lives",Comedy,370,1345,024543065975
"Sorority Boys",Comedy,"RP 46",1346,786936194906
"Sound of Thunder",Action,S8,1347,085393145927
"South Park Bigger, Longer and Uncut",Animation,"GP 24",1348,097363368243
Spaceballs,Comedy,"BP 15",1349,027616810021
"Spaced Invaders",Sci-Fi,"BS 33 34",1350,786936188370
Spawn,Action,"BO 43 44",1351,794043461026
Species,Sci-Fi,"BO 37 38",1352,027616603494
"Species II",Sci-Fi,"BO 41",1353,027616703620
"Species III",Sci-Fi,"DVDW2 123",1354,027616919991
Speed,Action,"DVDW2 55",1355,086162091643
Spider-man,Action,S1,1356,043396096615
"Spiderman 3",Action,,1357,043396159280
"Spirited Away",Animation,"CDISK2 46",1358,786936213843
"SpongeBob SquarePants Lost In Time",Children,S7,1359,097368895447
Spriggan,Anime,"GP 64",1360,702727021527
Spun,Comedy,"CDISK3 87",1361,043396010550
"Spy Kids 2",Adventure,"BC 6 7",1362,786936164862
"Spy Kids 3-D: Game Over",Action,,1363,786936230550
"Spy Who Loved Me, The",Action,"CDISK2 74",1364,027616812926
"Star Force",Sci-Fi,"DVDW2 75",1365,039414520415
"Star Trek First Contact",Adventure,S2,1366,097361549477
"Star Trek Nemesis",Action,"DVDW2 127",1367,097363389941
"Star Wars: Episode I - The Phantom Menace",Action,"CDISK2 90",1368,024543023913
"Star Wars: Episode II - Attack of the Clones",Sci-Fi,"DVDW1 122 123",1369,024543055396
"Star Wars: Episode III - Revenge of the Sith",Action,132,1370,024543203094
Stardust,Adventure,,1371,097363475644
"Starfire Mutiny",Action,"CDISK3 55",1372,723952076120
"Stargate Atlantis",Sci-Fi,"CDISK1 109",1373,027616924865
"Starship Troopers",Sci-Fi,"DVDW2 122",1374,043396717190
"Starship Troopers 2",Horror,125,1375,043396018488
"Starsky and Hutch",Action,200,1376,085392840328
Startup.com,Documentary,"DVDW3 82",1377,012236119869
"Stealing Candy",Thriller,236,1378,031398117346
Stealth,Action,"CDISK3 5 6 7",1379,043396102156
SteamBoy,Animation,165,1380,043396055032
"Stepford Wifes",Comedy,"CDISK2 110",1381,097363380146
"Stitch the Movie",Animation,"DVDW1 8",1382,786936211184
"Strange Days",Crime,"T1 101",1383,086162104251
"Stranger Than Paradise",Comedy,"T1 100",1384,027616852878
"Street Fighter II V Volume 1",Action,"DVDW1 41",1385,660200406929
"Street Fighter II V Volume 3",Action,"DVDW1 43",1386,660200407124
"Street Fighter II V Volume 4",Action,"DVDW1 44",1387,660200407223
"Street Fighter II Volume 2",Action,"DVDW1 42",1388,660200407025
"Street Fury Redline",Sports,"CDISK1 75",1389,645573328221
"Strike Force",Action,348,1390,031398166337
"Stuck On You",Comedy,"DVDW1 89",1391,024543116516
Submerged,Action,"CDISK1 80",1392,043396110687
"Sugar & Spice",Comedy,"BO 58",1393,794043529825
"Sum Of All Fears",Action,"PO 31 32 33 34 35",1394,097363372226
"Summer Catch",Comedy,351,1395,085392110025
"Super Speedway",Documentary,"T1 71",1396,014381462227
"Super Troopers",Comedy,"CDISK2 98",1397,024543049531
Superbabies,Comedy,374,1398,043396014374
Supercop,Action,"DVDW2 88",1399,717951000231
"Supercop 2",Action,"BO 12",1400,717951004949
Supercross,Action,S4,1401,024543208556
Supergirl,Adventure,"BO2 49 50",1402,027616876560
"Superman Returns",Superheroes,S14,1403,012569723511
"Superman The Movie",Action,"CDISK3 73 74",1404,012569101326
"Supernatural: The Complete First Season","Supernatural & Paranormal",S14,1405,012569806788
"Suspect, the",Action,"DVDW2 73",1406,601643678849
Swindle,Action,S13,1407,031398105626
Swingers,Comedy,"BB 73",1408,717951000491
"Sword In The Moon",Drama,"CDISK2 22",1409,601641624541
Swordfish,Action,"DVDW2 11",1410,085392132225
"Sympathy for Mr. Vengeance",Drama,S3,1411,842498030127
Syriana,Drama,S10,1412,012569807723
Taboo,Horror,364,1413,043396095663
"Tailor of Panama",Comedy,S2,1414,043396063952
"Take The Lead",Drama,S12,1415,794043103636
"Taking Home The Bride",Comedy,"DVDW2 125 S13",1416,N/A
"Taking Lives",Drama,"DVDW2 41",1417,012569431829
"Tale of The Mummy",Horror,"GP2 91 92",1418,717951004376
"Talk to Her",Drama,S1,1419,043396089167
Tamara,Horror,S8,1420,031398186007
"Tank Girl",Action,"GP 21 22",1421,027616860354
Target,Action,S2,1422,012236142362
Target,Action,"CDISK3 3",1423,687797107695
"Target of Opportunity",Action,388,1424,687797601094
Tart,Drama,"DVDW1 94",1425,031398798828
"Tarzan 2",Animation,"CDISK2 93",1426,786936189360
Taxi,Comedy,"CDISK1 40",1427,024543166788
"Team America",Comedy,"CDISK3 7",1428,097360251944
"Tears of The Sun",Drama,S1,1429,043396097513
"Ten Commandments",Adventure,S8,1430,097360502848
"Tenchi The Movie",Anime,"PO 29 30",1431,013023000391
"Tenchi The Movie 2",Anime,"PO 12 +",1432,013023001398
"Tenchi The Movie 3",Anime,"PO 41 42",1433,013023026292
Terminal,Comedy,"DVDW2 114",1434,678149167924
"Terminal Error",Thriller,"CDISK1 26",1435,039414581478
"Terminal Impact",Sci-Fi,S11,1436,014381165128
Terminator,Sci-Fi,"DVDW2 109",1437,014381394924
"Terminator 2",Sci-Fi,"DVDW1 31 CDISK2 120",1438,012236044109
"Terminator 3",Sci-Fi,"DVDW1 50 51 52 53",1439,085392772322
Tesseract,Thriller,"CDISK1 121",1440,758445906127
"Texas Chainsaw Massacre",Horror,"DVDW1 47",1441,794043683428
They,Horror,S2,1442,N/A
"Thing About My Folks",Comedy,S9,1443,794043101502
"Thing Below",Thriller,"CDISK3 70",1444,687797601292
"Thir13en Ghosts",Horror,"DVDW1 6",1445,085392208326
"Thirteen Days",Action,"DVDW2 95",1446,794043520228
"Thirteenth Floor",Mystery,"CDISK3 95 96",1447,043396028487
"Thomas Crown Affair",Romance,S5,1448,027616745224
"Three Burials",Adventure,S9,1449,043396148253
"Three Extremes",Horror,S12,1450,031398178002
"Three Kings",Action,158,1451,085391786221
Throttle,Action,156,1452,025192843921
"Throw Down",Drama,"CDISK2 121 122",1453,601641680240
Thunderbolt,Action,S3,1454,794043100376
Thursday,Action,"CDISK2 74",1455,696306012825
"THX 1138",Sci-Fi,S2,1456,012569450622
Ticker,Action,"RP 35",1457,012236122579
"Time and Tide",Action,"GP2 65 66 67 68",1458,043396066434
"Time Out With Britney Spears",Musical,"BB 87 88",1459,012414165190
"Titan A.E.",Animation,"T1 79",1460,024543009245
Titus,Drama,"T1 88",1461,024543005407
TMNT,Animation,,1462,085391157663
"To Die For",Comedy,S10,1463,043396734395
"To Kill A Mockingbird: Collector's Edition",Drama,"DVDW2 79",1464,025192025228
"Today You Die",Action,164,1465,043396118812
"Tokyo Raiders",Action,"DVDW2 84",1466,043396056770
"Tom and Jerry Greatest Chases",Animation,"DVDW2 67",1467,012569530621
"Tom and Jerry The Movie",Animation,"DVDW2 86",1468,053939805529
Tombstone,Western,"BB 119 120",1469,717951000064
Tomcats,Comedy,"BB 49",1470,043396061477
"Tommy Boy",Comedy,305,1471,097363313144
"Tomorrow Never Dies",Action,300,1472,027616791528
"Too Hot Not To Handle",Documentary,S12,1473,026359372629
"Top Guns Vol. 1: Fighters",Documentary,328,1474,N/A
Torque,Action,"CDISK3 84",1475,085392466221
"Tortilla Soup",Comedy,347,1476,043396081208
"Total Recall",Action,322,1477,012236124740
"Totally Blonde",Comedy,"DVDW1 7",1478,687797102591
"Toy Story",Animation,"BO 7",1479,786936151053
"Toy Story 2",Animation,"BO 8",1480,786936151060
"Training Day",Crime,"CDISK3 103",1481,085392196227
"Traitor's Heart",Action,"CDISK2 32",1482,014381636222
Trancers,Action,"GP 51",1483,763843804364
Transamerica,Adventure,S9,1484,796019790390
Transformers,Action,,1485,097363455349
"Transformers The Movie",Animation,B1,1486,603497664429
"Transporter 2",Action,"CDISK3 121",1487,024543219699
Trauma,Thriller,"CDISK1 119",1488,687797600998
"Travel the World by Train: South America",Documentary,"DVDW2 52",1489,013023016491
Tremors,Action,"CDISK3 114",1490,025192021824
"Tremors 2: Aftershocks",Comedy,"BS2 22",1491,025192029622
"Tremors 3",Action,"CDISK3 117",1492,025192126420
Triangle,Sci-Fi,S9,1493,031398188506
"Tristan + Isolde",Action,S8,1494,024543237297
"Triumph of The Nerds",Documentary,S1,1495,"B00006FXQO "
"Tromeo & Juliet",Action,"GP 43 44",1496,790357940035
Tron,Action,"GP 49 50",1497,786936161878
Troy,Action,"DVDW2 110",1498,085392841127
"True Crime",Mystery,343,1499,031398701538
"True Lies",Action,"T1 119",1500,6305364648
"True Romance",Action,239,1501,085391315827
"Truman Show",Comedy,346,1502,097363311270
"Tuck Everlasting",Drama,"BS2 7 8",1503,786936205794
Tuxedo,Action,S11,1504,667068997620
"Twelve Monkeys",Sci-Fi,"T1 82 T1 89",1505,025192046223
Twisted,Thriller,"DVDW2 52",1506,097363413844
"Two for The Money",Comedy,S2,1507,025192849527
"Two Weeks Notice",Comedy,"T1 97",1508,085392341825
"U.S. Marshals",Action,"PO 7 8",1509,085391562528
"U.S. Seals",Action,S5,1510,014381637823
"UFO Chronicles",Documentary,S3,1511,N/A
"UFOs 50 Years of Denial?",Documentary,"BC 1 2",1512,U434
"UFOs and Aliens",Documentary,"CDISK1 41",1513,033937032646
"Ultimate Avengers",Animation,S7,1514,031398187899
"Ultimate Fights From The Movies",Action,"BS3 102",1515,025192137426
"Ultimate Strike Force: The Real Top Guns",Documentary,323,1516,56775041595
"Ultimate UFO Complete Evidence","Supernatural & Paranormal",S11,1517,795243801421
Ultraviolet,Sci-Fi,"S10 CDISK3 105",1518,043396145030
Unbreakable,Thriller,"DVDW2 68",1519,786936144772
Unconstitutional,Documentary,"CDISK2 58",1520,826262000899
"Uncovered: The Whole Truth About the Iraq War",Documentary,"CDISK2 50",1521,826262000493
Undead,Comedy,382,1522,031398170051
"Undeclared War",Action,"DVDW2 59",1523,601643838342
"Under Siege 2",Action,"RP 47 +",1524,085391366522
"Under Tuscan Sun",Comedy,S1,1525,786936238679
Underclassman,Action,"T1 84",1526,786936694963
"Undercover Brother",Action,"PO 16",1527,025192245022
Underdog,Action,S19,1528,786936734300
Undertow,Drama,190,1529,00027616921611
Underworld,Action,"S4 DVDW1 25",1530,043396031524
"Underworld Evolution",Action,S9,1531,043396144385
Undisputed,Drama,"CDISK3 90",1532,786936207880
"Universe Within",Documentary,"CDISK2 89",1533,783421265998
Unleashed,Action,"CDISK2 109",1534,025192636325
"Unprecendented: The 2000 Presidential Election",Documentary,"CDISK2 57",1535,826663911695
Unsaid,Thriller,S5,1536,025192245527
"Unsolved History: Trojan Horse",Documentary,"CDISK2 64",1537,706754
Untouchables,Action,S5,1538,1111111111
"Urban Legend",Horror,"GP2 20",1539,043396030916
"Urband Legends Bloody Mary",Horror,155,1540,043396113954
"Usual Suspects",Crime,"CDISK2 8",1541,027616874818
U-Turn,Crime,S2,1542,043396325296
Vacancy,Horror,,1543,043396182882
Valentine,Horror,"GP2 13",1544,085392118724
Valiant,Animation,"CDISK3 59",1545,786936293173
"Vampire In Brooklyn",Comedy,"CDISK2 87",1546,097363298243
"Vampires Turning",Horror,"CDISK1 125",1547,043396108318
"Van Helsing",Action,"CDISK1 59",1548,025192326622
"Van Helsing The London Assignment",Animation,"DVDW2 35",1549,025192451324
"Vanishing Point",Action,S1,1550,024543110408
"Vanity Fair",Drama,153,1551,025192500121
Vault,Action,"CDISK1 124",1552,039414581546
"Veer Zaara",Drama,217,1553,8902797600000
"Venus Wars",Anime,"BS3 78 79",1554,719987228320
"Veronica 2030",Sci-Fi,S6,1555,763843813564
Versus,Action,"CDISK3 86",1556,631595030686
Videodrome,Fantasy,"GP2 14",1557,025192038723
"View From The Top",Comedy,"BC 48 49",1558,786936224719
Village,Drama,352,1559,786936242867
"Virgin Suicides",Drama,"CDISK1 22",1560,097363381747
Virus,Sci-Fi,"GP 3",1561,025192043123
"Volcano Disaster",Action,390,1562,687797110497
"Volcano High",Action,S3,1563,024543170464
Waiting,Comedy,S5,1564,012236189428
"Walk On Water",Drama,149,1565,043396111059
"Walking Tall",Action,"DVDW2 78",1566,027616910745
Wallstreet,Documentary,S1,1567,024543006312
"War of The Worlds",Action,181,1568,678149439229
"Warriors of Heaven and Earth",Action,"CDP1 107",1569,9787880700985
"Warriors of Terra",Sci-Fi,S13,1570,796019796033
Wasabi,Action,"DVDW2 94",1571,043396100008
Waterworld,Action,"BS 29 30 31",1572,025192045721
"Way of The Gun",Crime,344,1573,012236115892
"We Were Soldiers",Action,"CDISK2 67",1574,097363400240
"Weather Man",Comedy,S6,1575,097363436546
"Wedding Crashers",Comedy,"CDISK3 101",1576,794043838026
Westworld,Action,"DVDW1 46",1577,012569506725
"Wet Hot American Summer",Comedy,"BB 67",1578,025192241024
"What Boys Like",Comedy,299,1579,723952076762
"What Lies Beneath",Thriller,"GP 77 78",1580,667068640625
"What The Bleep Do We Know?",Comedy,"CDISK2 125 126",1581,024543170884
"What's New Scooby-Doo?: Sports Spooktacular Volume 5",Children,S8,1582,014764268125
"When A Stranger Calls",Thriller,S9,1583,043396147348
"When Dinosaurs Roamed America",Documentary,"BO2 95 96",1584,012236120292
"When Harry Met Sally",Comedy,"T1 103",1585,027616857804
"Where A Good Man Goes",Action,"DVDW2 58",1586,B00005QIVF
"Where Are All The UFOs ?",Documentary,S6,1587,733961727791
"Where Eagles Dare",Action,"DVDW2 108",1588,012569518629
"Where The Truth Lies",Drama,S6,1589,043396138988
"White Chicks",Comedy,"CDISK1 79",1590,043396086593
"White Countess",Drama,S9,1591,043396117181
"White Man Can't Jump",Comedy,"GP2 33 34",1592,024543005346
"White Noise",Thriller,"CDISK1 92",1593,025192693120
"White Oleander",Drama,"BS 11 12 13",1594,085392341429
"Who Framed Roger Rabbit",Animation,S4,1595,786936073386
Wickeds,Horror,"CDISK3 53",1596,824355513820
"Wicker Man",Horror,"DVDW2 107",1597,013131142297
"Willy Wonka & The Chocolate Factory",Fantasy,"GP 17",1598,085392229123
"Win A Date with Tad Hamilton",Comedy,"DVDW1 83",1599,678149167528
Windtalkers,Action,"BS 8 9 10",1600,027616881335
"Wings of Desire",Fantasy,228,1601,027616887450
Wishmaster,Horror,"RP 71 72",1602,012236130529
"Witches of Eastwick",Drama,"BB 122",1603,085391174127
"With a Friend Like Harry",Comedy,"T1 98",1604,786936161816
"With Honors",Comedy,"BS3 37",1605,085391307921
"Without A Paddle",Comedy,"CDISK1 128",1606,097363395843
"Without A Trace","Misc. DVD",S10,1607,024543090670
"Without Limits NASA Test Projects",Documentary,"DVDW2 112",1608,014381058420
"Witness to A Kill",Action,"CDISK1 82",1609,687797108593
Woodsman,Drama,S4,1610,043396110014
"World Is Not Enough",Action,"CDISK2 91",1611,027616813022
"World's Fastest Indian",Adventure,S10,1612,876964000260
"Wrath of the Dragon God",Fantasy,S5,1613,012569596788
"Wrongfully Accused",Comedy,"GP 20",1614,085391612926
"X Files Fight The Future",Sci-Fi,"BP 37 38",1615,086162103940
X2,Action,"DVDW3 10 S11",1616,024543091974
X-Men,Sci-Fi,201,1617,024543006404
"X-Men The Legend of Wolverine",Action,"BC 47",1618,786936203776
"X-Men: Evolution: EnXpected Changes (Season 1 and 2)",Animation,S3,1619,085392778928
"X-Treme Fighter",Action,"DVDW2 113",1620,039414581577
XXX,Adventure,"DVDW2 2",1621,043396082939
"xXx: State of the Union",Action,396,1622,043396102064
"Yesterday Once More",Asian,"CDISK1 126",1623,601641617246
"You Stupid Man",Romance,S5,1624,085393973728
"Yours, Mine & Ours",Comedy,S6,1625,097363423041
"You've Got Mail",Romance,"BB 125 126",1626,085391695424
"Yu-Gi-Oh!: The Movie",Action,"DVDW1 12",1627,012569591370
Zathura,Action,S6,1628,043396134751
"Zatoichi: Blind Swordsman",Action,"CDISK1 43 44",1629,786936264531
"Zoom Academy for Superheroes","Science Fiction",S14,1630,043396141506
War,Action,,1631,031398221807
"3:10 to Yuma",Western,,1632,031398221852
"Dragon Wars",Action,,1633,043396238183
"Mr Woodcock",Comedy,,1634,794043106620
Shattered,Crime,,1635,031398222590
"Shoot 'Em Up",Action,,1636,794043112331
"Undead or Alive",Western,,1637,014381450224
"Delta Farce",Action,,1638,031398218098
"Brave One",Crime,,1639,085391139294
Invasion,Sci-Fi,,1640,012569701380
Shooter,Action,,1641,097363303046
Contract,Thriller,,1642,687797119698
"Lucky Number Slevin",Crime,,1643,796019794824
Ratatouille,Animation,,1644,786936727173
"Welcome to Word World",Children,,1645,843501007006
Beowulf,Action,,1646,097363473046
Sunshine,Adventure,,1647,024543444589
"Bridge to Terabithia",Adventure,,1648,786936715781
Hitman,Action,,1649,024543502791
Seeker,Adventure,,1650,024543492177
"Love In The Time of Cholera",Romance,,1651,794043113451
"Tooth and Nail",Horror,,1652,031398226925
"30 Days of Night",Horror,,1653,043396196155
Breed,Thrillers,,1654,687797111296
Chaos,Thrillers,,1655,031398224594
"Man from Earth","Science Fiction",,1656,013131546699
"Shanghai Kiss",Romance,,1657,013131526592
MacBeth,Shakespeare,,1658,013137217494
"AVP Requiem","Science Fiction",,1659,024543509424
"When the Devil Knows Your Dead",Crime,,1660,014381487527
"Sweeney Todd",Musical,,1661,097363500643
"How She Move",Dancing,,1662,097363518648
"Hero Wanted",Action,,1663,043396243422
"La Otra Conquis",Religion/Spirituality,,1664,013137216893
Bug,Bugs,,1665,031398218012
Cloverfield,"Science Fiction",,1666,097363520641
Kingdom,Terrorism,,1667,025195005920
"Forbidden Kingdom",Action,,1668,N/A
"Last Sentinel","Science Fiction",,1669,096009526191
"We Own the Night",Thrillers,,1670,043396225312
"Martian Child",Drama,,1671,794043106835
"National Treasure 2",Mystery,,1672,786936735390
Rambo,Thrillers,,1673,031398232957
"Meet the Spartans",Spoofs,,1674,024543519249
PS2,Stalkers,,1675,025195034722
Eye,"Supernatural & Paranormal",,1676,031398242369
Untraceable,FBI,,1677,043396191341
"I Now Pronounce You Chuck & Larry",Comedy,,1678,025193226822
Transformers,"Science Fiction","",1679,097368920347
"10000 BC","Prehistoric Times","",1680,085391139683
"Vantage Point",Thrillers,,1681,043396216167
"Mr Brooks","Serial Killers",,1682,027616089939
"Highlander, the Source",Swordfighting,,1683,031398217893
"Sex and Death 101",Comedy,"",1684,013131550191
"Drillbit Taylor",Bodyguards,,1685,097363440642
"Alvin and The Chipmank",Music,,1686,024543503019
"Black Ops",Action,,1687,687797123794
"Golden Compass","The Oscars - 2008 Winners",,1688,794043120114
"Blood Brothers",Action,,1689,687797123992
"Bank Job",Thieves,"",1690,031398236108
"Trapped Ashes",Anthologies,"",1691,031398236160
"Beowulf and Grendel","Myths & Legends",,1692,013137212093
"Great Mouse Detective",Disney,,1693,786936144437
"Fools Gold",Romance,,1694,085391139997
Planet,Sci-Fi,,1695,00039414521085
"Johny Tao",Action,,1696,039414521122
"Nim's Island",Adventure,,1697,024543527527
Vexille,"Computer Animation",,1698,704400095900
"Pink Floyd The Wall",Music,,1699,074645019895
"Harold & Kumar Escape from Guantanamo Bay",Stoners,S18,1700,794043122934
"Animal House","National Film Registry",,1701,025192039621
"Never Back Down",Sports,,1702,025195043229
"Nacho Libre",Comedy,"",1703,097363456247
"Hitchiker to the Galaxy","Road Trips",,1704,786936254884
"Conan the Destroyer","Myths & Legends",,1705,025192017223
"Little Mermaid","Animated Feature Films",,1706,050086056491
"Lost Boys the Tribe",Thrillers,,1707,085391183778
"Prom Night",Slasher,,1708,096009523398
"Wizard of Oz",Musical,,1709,012569512320
"Starship Troopers 3",Action,,1710,043396243767
Restraint,Thrillers,,1711,031398100027
"Twin Daggers",Action,,1712,031398236214
Doomsday,"Science Fiction",,1713,025195015899
"Street Kings",Thrillers,,1714,024543526094
Webs,"Science Fiction",,1715,014381399226
Juncture,Thrillers,,1716,039414521160
"Mr. Magorium's Wonder Emporium","Children's",,1717,024543504924
Artifacts,"Science Fiction",,1718,031398100447
"Scorpion King 2",Action,,1719,025195017206
Payback,Action,,1720,N/A
"Baby Mama",Romance,,1721,025195041997
Deception,Romance,,1722,024543526216
"Love Guru",Comedy,,1723,097363507048
"You Don't Mess with Zohan",Comedy,,1724,043396238688
"War Inc",Action,,1725,687797121998
"Allan Quatermain and the Temple of Skulls",Action,,1726,686340213531
"J.R.R. Tolkien's Lord of the Rings",Animation,,1727,794043554223
"Water Horse",Adventure,"DVDW1 66",1728,043396184565
"Kung Fu Panda",Animation,,1729,097361179544
"Sukiyahi Western Django",Action,,1730,B001CIOCJY
"Get Smart",Action,,1731,085391139775
"Hellboy II",Superheroes,,1732,025195001861
"Tropic Thunder",Action,,1733,097363501541
Hancock,Superheroes,,1734,043396281257
Transsiberian,Crime,,1735,687797124999
"88 Minutes",Crime,,1736,043396235786
Wanted,Thrillers,"",1737,025195016674
"Space Chimps","Science Fiction",,1738,024543546757
"War of the World 2",Sci-fi,"DVDW1 102",1739,686340208537
"X Files I Want to Believe",Mystery,,1740,024543543787
"Kung Fu Panda: Secrets of the Furious Five",Animation,,1741,097361397849
"Dark Knight",Action,,1742,085391176428
"Eagle Eye",Mystery,"",1743,097363492641
"Babylon A.D.",Action,,1744,
"Bangkok Dangerous",Action,,1745,
Bolt,"Children's","",1746,N/A
"Prince of Caspian",Action,,1747,
"Horton Haus Who",Animation,,1748,
"Space Buddies",Family,"",1749,786936764215
"Pineapple Express",Comedy,,1750,
"Private Valentine",Comedy,"",1751,043396274310
Blindness,"Science Fiction","",1752,786936775129
Sicko,"Doctors & Medicine","",1753,796019807500
Australia,Romance,"",1754,024543563716
"Love Me If You Dare",Comedy,"",1755,00097363433149
"Midnight Meat Train",Crime,"",1756,031398101529
"Stranger Than Fiction",Romance,"",1757,043396154070
Vampires,Horror,"",1758,043396030640
Twightlight,Drama,"",1759,025192022289
Northfolk,Drama,"",1760,097363419945
"Let the Right One In",Romance,"",1761,876964001731
"Punisher War Zone",Revenge,"",1762,031398107095
"I'll Sleep When I Am Dead",Music,"",1763,097363416548
"United States of Leland",Drama,"",1764,097363427148
Reckoning,Thrillers,"",1765,097363408741
"Something New",Romance,"",1766,025192886621
Reckoning,"Misc. DVD","",1767,825341000010
"Martley and Me",Romance,"",1768,024543574842
"Day Where the Earth Stood Still",Drama,"",1769,024543569688
Uninvited,Thrillers,"",1770,097363500742
"Mystery Science Theater 3000: Vol. 5: Disc 4: Touch of Satan",Comedy,"",1771,081227660321
"Mystery Science Theater 3000: The Brain That Wouldn't Die",Comedy,"",1772,081227660321
"Mystery Science Theater 3000: Hobgoblins",Comedy,"",1773,603497041725
"Underworld: Rise of a Lycans",Vampires,"",1774,043396272897
CJ7,"Science Fiction","",1775,043396257924
"True Blood",Vampires,"",1776,883929048830
"Perfect Creature",Action,"",1777,024543450030
"Blue Car",Coming-Of-Age,"",1778,786936229608
"My Bloody Valentine",Mystery,"",1779,031398109594
"Mall Cop",Action,"",1780,043396256385
"Madagascar 2",Comedy,"",1781,00602517884595
"Beverly Hills Chihuahua",Adventure,"",1782,786936769418
"Curious Case of Benjamin Button",Drama,"",1783,097361430645
Inkheart,Adventure,"",1784,794043127311
Push,Sci-Fi,"",1785,025192027260
"Haunting In Connecticut",Drama,"",1786,031398110903
Watchman,Drama,"",1787,883929057771
"Bedtime Story",Short,"",1788,786936787214
"City of Ember",Adventure,"",1789,024543563396
"Race to The Witch Mountain",Adventure,"",1790,786936787238
Impact,"Action , Adventure , Mini-Series , Science Fiction","",1791,043396326804
Adventureland,"Romance , Work Sucks , Comedy , Coming-Of-Age , Drama","",1792,786936795226
"Easy Virtue","Romance , Comedy , Historical / Period Piece","",1793,043396309500
"Monsters vs Aliens","Comedy , Computer Animation , Family , Giant Monsters! , Monsters , Action , Adventure , Aliens , Science Fiction","",1794,097361197548
Horsemen,"Mystery , Serial Killers , Thrillers , Detectives , Horror","",1795,031398111153
"Scooby-doo The Mystery Begins","TV Movies , Mystery , Animals & Nature , Cartoon Network , Comedy , Family","",1796,883929042265
"Transformers Rise of The Fallen","Science Fiction , Thrillers , Action , Adventure , Giant Robots","",1797,097363532149
"House on The Left","Revenge , Slasher , Thrillers , Torture , Exploitation , Horror","",1798,025192032387
"Blood The Last Vampire","Thrillers , Vampires , Action , Foreign , Horror , Japanese","",1799,043396309425
"Year One","Adventure , Comedy , Historical / Period Piece Sales: Judd Apatow Sale","",1800,043396253360
"Brothers Bloom","","",1801,""
Hardwired,"","",1802,""
"G.I. Joe The Rise of Cobra",Action,"",1803,""
"Crank 2 High Voltage",Action,"",1804,031398112655
"Blood and Bone",Action,"",1805,043396297647
"Dark Country",Mystery,"",1806,""
"Battle for Terra",Animation,"",1807,031398113478
Carrier,Drama,"",1808,""
"Mail Order Bride",Western,"",1809,""
"District 9",Action,"",1810,""
Trucker,Drama,"",1811,""
"Lornas Silence",Drama,"",1812,""
Hangover,Adventure,"",1813,""
"Taking of Pelham 1 2 3",Action,"",1814,""
"Angels & Demon",Mystery,"",1815,""
Gamer,Action,"",1816,""
"Blood Creek",Drama,"",1817,""
"Aussie and Ted's Great Adventure",Family,"",1818,""
"Tinker Bell",Animation,"",1819,""
Pandorum,Horror,"",1820,""
"He-Man and The Masters of The Universe","","",1821,""
Wolverine,"","",1822,""
"Hannah Montana The Movie",Comedy,"",1823,""
Ponyo,Animation,"",1824,""
"Astroy Boy",Animation,"CDISK2 55 63",1825,""
"Boondock Saints II",Action,S19,1826,""
Transylmania,Comedy,S19,1827,""
Defendor,"","CDISK2 39",1828,""
"Princess and the Frog","","",1829,""
"Bad Lieutenant: Port Of Call New Orleans",Crime,"CDISK2 73",1830,""
Fallen,"","CDISK2 91",1831,""
"New Daughter","","CDISK2 84",1832,""
"Staten Island","","CDISK2 90",1833,""
"Shutter Island",Drama,S19,1834,""
Marmaduke,"Animals & Nature",S19,1835,024543672319
"From Paris With Love",Action,S19,1836,""
Splice,Drama,S19,1837,""
"After Life",Drama,S16,1838,""
"Sorcerer's Apprentice",Action,S19,1839,""
"Hot Tub Time Machine",Adventure,S19,1840,883904206040
"Up In The Air",Drama,S19,1841,""
"Karate Kid",Action,S19,1842,""
"Pet Cemetary",Drama,S19,1843,""
"Get Him to The Greek",Comedy,S19,1844,""
Macgruber,Action,S19,1845,""
"Other Guys",Action,S19,1846,""
Daybreakers,"","",1847,""
"Mirrors 2",Horror,"",1848,""
"Dhund: The Fog",Adventure,S12,1849,014381223521
"Lost Tribe",Thrillers,"DVDW1 65",1850,014381673722
"Fourth Kind",Mystery,S19,1851,""
"Date Night",Comedy,S19,1852,""
"Saw VI",Horror,S19,1853,""
"Dinner for Schmucks",Comedy,"DVDW1 61",1854,097363492344
Devil,Horror,"CDISK2 102",1855,""
SALT,Action,"B2 CDISK2 96",1856,""
Manson,Comedy,"CDISK2 92",1857,031398126379
"Superhero Movie Extended Edition","Spoofs & Parodies","DVDW1 55",1858,796019813396
"Social Network",Biography,S19,1859,""
Metamorphosis,Horror,"CDISK2 101",1860,""
"Next Three Days",Crime,"CDISK2 103",1861,031398132387
"Dragonball: Evolution",Action,"DVDW1 78",1862,""
Skyline,Action,"CDISK2 128",1863,""
"Inconvenience Truth",Documentary,"DVDW1 104",1864,""
"Sex Drive Unrated","Road Trips","DVDW1 117 118",1865,025192018015
"Prince of Persia",Action,"CDISK2 126",1866,""
E.T.,Adventure,"DVDW1 77",1867,""
"Black Lightning",Action,"DVDW1 95",1868,""
"Monsters Beware","Science Fiction","NG1 1",1869,876964003605
"Little Fockers",Comedy,"NG1 5",1870,025192044250
"Drive Angry",Action,"NG1 2 3",1871,025192102998
"Dirty Play",Adventure,"NG1 4",1872,027616073914
"HTML5 Now",Training,"NG1 6",1873,""
"I Love You Phillip Morris",Comedy,"NG1 13",1874,031398133995
"Ong Bak 3",Action,"NG1 11 12",1875,""
Brotherhood,Crime,"NG1 10",1876,""
"Nick of Time",Crime,"NG1 9",1877,""
"Repo Man",Action,"NG1 8",1878,""
"Gran Torino",Drama,"NG1 14",1879,""
"3 Idiots",Comedy,"NG1 15",1880,""
"Big Bang",Mystery,"NG1 16",1881,""
Hellbinder,Action,"NG1 17",1882,""
"Up In Smoke",Comedy,"NG1 18",0,097360896640
