Genre,UPC,MovieID,CatalogNo,Title
Drama,707729162926,1,172,10.5
Drama,707729109723,2,PO 89 90 91 92 93 94,10th Kingdom
Drama,794043838927,3,312,11:14
Romance,043396014213,4,CDISK2 20,13 Going 30
Horror,039414581393,5,308,13th Child
Action,794043516627,6,GP2 15 16,15 Minutes
Action,012569810402,7,S9,16 Blocks
Comedy,723952077141,8,CDISK2 13,2 B Perfectly Honest
Action,025192297526,9,BC 26 27,2 Fast 2 Furious
Comedy,097363349341,10,RP 53 54,200 Cigarettes
Sci-Fi,663286201235,11,T1 82,2001: A Space Odyssey 
Drama,043396117303,12,S5,2046
Sci-Fi,024543088172,13,T1 81,28 Days Later
Drama,024543469902,14,,28 Weeks Later
Drama,012236138587,15,176,29 Palms
Action,012569736627,16,,300
Action,085392118823,17,GP 91 92,3000 Miles To Graceland
Crime,043396034884,18,314,3-Way
Comedy,025192870620,19,380,40 Year Old Virgin
Crime,024543099130,20,170,44 Minutes: The North Hollywood Shoot-Out
Sci-Fi,043396050747,21,T1 119,6th Day
Action,043396111349,22,130,7 Seconds
Mystery,043396028548,23,167,8MM
Crime,043396127203,24,183,8MM 2
Action,603497284726,25,T1 81,9 Deaths of A Ninja
Sci-Fi,667068956726,26,T1 89,A.I.
Drama,097363380542,27,383,Abandon
Musical,602498075586,28,S4,Abba: Gold: Greatest Hits
Drama,720917542522,29,CDISK2 1,ABCD
Action,024543048985,30,RP 37,Ablaze
Horror,842498030257,31,S10,Abnormal Beauty
Comedy,794043631924,32,DVDW1 114,About Schmidt
Adventure,787364442096,33,DVDW1 24,Abraxas
Sci-Fi,031398107040,34,S13,Absolon
Sci-Fi,039414520200,35,CDISK2 7,Absolute Agression
Sci-Fi,024543037828,36,BO 75 76,Abyss
Action,786936178265,37,T1 91,Accidental Spy (2001)
Comedy,085392300020,38,GP 84,Ace Ventura: Pet Detective
Adventure,024543055679,39,BS 25 26,Active Stealth
Drama,829567018620,40,DVDW2 74,Acts of Worship
Comedy,043396076013,41,DVDW2 13,Adaptation
Drama,601641644747,42,S10,Addicted
Comedy,085391904120,43,GP2 90,Adventure of Pluto Nash
Action,601643428147,44,S13,Adventurers
Action,786936292763,45,230,Adventures of Sharkboy and Lavagirl
Action,097363337348,46,S7,Ã†on Flux
Action,027616906847,47,T1 76,Agency Cody Banks 2
Action,027616887412,48,CDP1 62 63 64 65 66 67,Agent Cody Banks
Adventure,039414597134,49,CDISK2 12,Air America
Action,043396718890,50,BO 3 4,Air Force One
Comedy,097360130546,51,133,Airplane
Comedy,097360148947,52,CDISK3 71,Airplane II
Anime,013023153899,53,204,Akira
Animation,786936223996,54,T1 110 111,Aladdin
Family,786936460933,55,T1 83,Aladdin and the King of Thieves
Drama,786936229035,56,S1,Alamo
Comedy,085392838721,57,DVDW1 70,Alex and Emma
Action,012569704565,58,CDISK2 127 128,Alexander
Sci-Fi,086162000751,59,378,Alien
Sci-Fi,687797600196,60,CDISK1 32,Alien Lockdown
Horror,024543157090,61,CDISK3 29 30,Alien vs. Predator
Sci-Fi,787364453498,62,BS3 80 81 82 83,Alien Worlds
Sci-Fi,086162000768,63,RP 1 2,Alien: Resurrection (1997)
Horror,012236173977,64,CDISK1 64,Alone In The Dark
Drama,037429121825,65,233,Amacord
Drama,667068538229,66,CDP1 13 14 15,American Beauty (Awards Edition)
Drama,012236201410,67,S13,American Haunting
Action,027616867681,68,BO2 53,American Ninja
Comedy,025192145520,69,BB 55,American Pie
Comedy,025192176920,70,BB 56,American Pie 2
Horror,025192094224,71,221,American Psycho
Horror,031398805922,72,221,American Psycho 2
Comedy,025192121920,73,BO2 73 74,American Werewolf In London
Comedy,043396063938,74,GP2 21 22,America's Sweethearts
Drama,027616120915,75,304,Amityville Horror
Thriller,043396817593,76,CDISK2 19,Anaconda
Horror,043396032552,77,CDISK1 70,Anacondas: Hunt for The Blood Orchid
Horror,043396008328,78,S4,Anatomy 2
Comedy,678149300529,79,CDISK1 83,Anchorman: The Legend of Ron Burgundy
Action,881273000528,80,307,Ancient Warriors
Biography,013023267299,81,DVDW1 4,And Starring Pancho Villa as Himself
Action,601643451848,82,S13,Angel On Fire
Drama,097363360773,83,T1 105,Angela's Ashes
Comedy,043396100374,84,CDP1 98 99 100,Anger Management
Action,085393731625,85,T1 86,Animatrix
Romance,024543000440,86,BO2 45 46,Anna and The King
Action,842498030332,87,S10,Another Public Enemy
Sci-Fi,027616861436,88,BO2 67 68,Antitrust
Animation,667068467123,89,DVDW3 101,Antz
Comedy,678149085228,90,S5,Anything Else
Action,097360962949,91,DVDW1 77,Apocalypse Now Redux
Sci-Fi,025192046124,92,PO 17 18,Apollo 13
Comedy,024543247135,93,S9,Aquamarine
Sci-Fi,031398797425,94,BO 89,Arachnid
Comedy,043396069756,95,10,Are We There Yet
Thriller,043396039261,96,S5,Arlington Road
Fantasy,601643907345,97,CDISK1 8,Armageddon
Sci-Fi,717951000842,98,PO 47 48,Armageddon
Anime,013023100008,99,BS 43 44,Armitage III
Horror,013131092691,100,GP2 49 50,Army of Darkness
Action,012236116073,101,GP2 79 80,Army of One
Adventure,786936252477,102,DVDW2 120,Around the World in 80 Days
Sci-Fi,012236114437,103,CDISK2 44 45,Arrival
Action,085391887126,104,BO2 1 2,Art of War
Drama,043396223097,105,CDISK3 21,Art Pupil
Action,687797954091,106,S12,Asoka
Action,085391398721,107,CDISK2 39,Assassins
Action,025192629426,108,CDISK1 67,Assault on Precinct 13
Action,043396283596,109,289,Assignment
Animation,013138201690,110,192,Astro Boy
Animation,N/A,111,PO 28,Astro Boy
Fantasy,043396060289,112,DVDW2 8,Asylum of The Damned
Romance,027616744722,113,BB 80 81 82,At First Sight
Animation,786936166095,114,BO 79 80,Atlantis The Lost Empire
Action,783722726426,115,399,Aussie Park Boyz
Action,794043607820,116,DVDW1 6,Austin Powers in Goldmember
Comedy,794043489129,117,BO 33 34,Austin Powers The Spy Who Shagged Me
Comedy,794043457722,118,S1,Austin Powers: International Man of Mystery
Romance,027616857613,119,DVDW2 20,Autumn In New York
Drama,085393893927,120,CDISK1 76,Aviator
Family,025192045523,121,372,Babe
Baby,786936179705,122,BS2 49 50,Baby Einstein: Language Nursery
Family,043396037113,123,373,Baby Geniuses
Comedy,024543016441,124,310,Bachelor Party
Drama,786936190359,125,RP 4,Backflash
Musical,012414177995,126,T1 90,Backstreet Boys - Great Video Hits Chaper One
Musical,012414158994,127,BO2 16,Backstreet Boys All Access DVD
Musical,012414174796,128,BP 41,Backstreet Boys: Around The World - Black & Blue
Action,043396107120,129,BO 91 92,Bad Boys
Action,043396006195,130,BC 50 51 52,Bad Boys II
Action,786936052688,131,CDISK3 91,Bad Company
Comedy,097363445746,132,S3,Bad News Bears
Comedy,786936240467,133,DVDW2 29,Bad Santa
Crime,031398821229,134,GP2 72 73 74,Badge
Action,085392341627,135,229,Balistic: Ecks vs. Sever
Sports,025193184924,136,,Balls of Fury
Family,786936240252,137,S6,Bambi II
Comedy,027616873859,138,GP2 17 18 19,Bandits
Action,780063992725,139,BO 77 78,Barb Wire
Adventure,097360681277,140,PO 38,Barbarella: Queen Of The Galaxy
Family,045986028181,141,CDISK3 20,Barney - Best Manners (Invitation To Fun)
Family,045986028358,142,CDISK2 117 CDISK3 20,"Barney: Happy, Mad, Silly, Sad"
Animation,086162126000,143,CDISK3 88,Bartok: The Magnificent
Thriller,043396097452,144,DVDW1 87,Basic
Action,012569594159,145,S7,Batman Begins
Animation,085391784821,146,CDISK1 53,Batman Beyond
Anime,013023012097,147,RP 33,Battle Athletes #1: On Your Mark
Anime,013023012592,148,GP 89 90,"Battle Athletes #2: Ready, Set, Go. Ready"
Documentary,B00008YLV1,149,CDISK2 38,Battle of the X-Planes
Documentary,783421378995,150,CDISK3 78,Battle Plan Under Fire: Nova
Sci-Fi,085391856627,151,BO 83 84,Battlefield Earth
Sci-Fi,025192380822,152,CDISK1 105,Battlestar Galactica
Comedy,027616928412,153,145,Be Cool
Drama,024543001768,154,T1 92,Beach
Comedy,025192266423,155,303,Bean
Action,719987218024,156,GP 67,Beautiful Killing Machine
Drama,025192145025,157,DVDW2 79,Beautiful Mind
Comedy,027616929006,158,330,Beauty Shop
Comedy,053939253122,159,T1 126,Before Sunrise
Drama,085393896225,160,T1 127,Before Sunset
Action,024543038023,161,DVDW2 21,Behind Enemy Lines
Drama,N/A,162,T1 96,Behind The Sun
Horror,786936214673,163,DVDW2 111,Below
Comedy,043396138698,164,S11,Benchwarmers
Comedy,024543084266,165,DVDW1 26,Bendit Like Beckham
Horror,786936188660,166,CDISK1 93,Beneath Loch Ness
Comedy,085391895121,167,S5,Best In Show
Drama,786936291193,168,S6,Best of Youth
Drama,012569086425,169,DVDW2 54,Betsy
Short,043396003651,170,S5,Better Than Sex
Action,601643006840,171,S13,Better Tomorrow 3
Crime,013131125993,172,S13,Better Tomorrow II
Action,601643006642,173,DVDW1 83,"Better Tomorrow, A"
Action,097360113440,174,CDISK2 75,Beverly Hills Cop
Comedy,043396102101,175,140,Bewitched
Drama,097363399247,176,S2,Beyond Borders
Sci-Fi,717951004888,177,CDP1 83 84 85,Bicentennial Man
Crime,085392836826,178,T1 75,Big Bounce
Action,601643484341,179,S13,Big Bullet
Drama,043396008373,180,DVDW1 91,Big Fish
Comedy,025192266621,181,T1 117,Big Lebowski
Action,024543008194,182,S3,Big Momma's House
Comedy,717951001566,183,CDISK2 63,Big One
Comedy,786936165418,184,CDISK2 124,Big Trouble
Action,024543044758,185,CDISK2 77,Big Trouble In Little China
Comedy,096009444693,186,S9,Big White
Comedy,027616927361,187,DVDW2 118,Bigger Than The Sky
Sci-Fi,027616869265,188,GP 30,Bill & Ted's Excellent Adventure
Sci-Fi,638652106605,189,BO 1 2,Bio Hunter Special Edition
Animation,786936207378,190,DVDW1 85,Bionicle: Mask of Light (2003)
Drama,794043783821,191,341,Birth
Drama,717951010865,192,GP 59 60,Birthday Girl
Thriller,687797600899,193,CDISK2 24,Black Cadillac
Action,043396128156,194,CDISK3 77,Black Dawn
Action,025192039126,195,CDISK2 82,Black Dog
Action,043396067660,196,223,Black Hawk Down
Adventure,012236150305,197,CDISK1 95,Black Horizon
Action,012236114048,198,BO 32,Black Mask
Action,097363222071,199,BO2 51 52,Black Rain
Comedy,097363324249,200,310,Black Sheep
Action,794043470929,201,BO2 27 28 S19,Blade
Action,794043555428,202,S1 S19,Blade II
Action,085391268222,203,CDISK2 66,Blade Runner
Action,794043781827,204,S19,Blade Trinity
Drama,012236112662,205,GP 76,Blair Witch Project
Action,687797613790,206,325,Blast
Horror,097363279648,207,GP 69 70,Bless The Child
Action,043396049192,208,GP2 56,Blind Fury
"Thrillers , Vampires , Action , Foreign , Horror , Japanese",043396309425,209,PO 43 44+,Blood The Last Vampire
Crime,085392420124,210,BS 68 69,Blood Work
Supernatural & Paranormal,855280001380,211,S9,Bloodrayne
Action,883476000596,212,,Bloodrayne 2
Action,031398181200,213,DVDW2 70,Bloody Mallory
Drama,794043528422,214,T1 118,Blow
Action,012236146636,215,RP 9 10 11 12,Blown Away
Comedy,085392465729,216,DVDW2 14,Blue Collar Comedy Tour
Family,097368397248,217,CDISK3 93,Blue's Big Musical Movie
Action,025192674426,218,285,Blues Brothers
Children,097368899148,219,S8,Blue's Jobs
Children,097368773943,220,CDISK3 85,Blue's Room Alphabet Power
Drama,014381321425,221,219,"Bodies, Rest & Motion"
Action,085391297628,222,GP2 1,Boiling Point
Romance,N/A,223,DVDW3 95,Bol Radha Bol
Romance,805239901599,224,CDISK1 87,Bollywood Queen
Action,677880100290,225,GP 85,Bomb Squad (1997) (TV)
Music,780063621922,226,S6,Bon Jovi Live From London
Horror,687797963093,227,367,Bone Snatcher
Horror,794043540721,228,GP2 38,Bones
Horror,043396012691,229,CDISK1 46,Boogeyman
Action,786936241440,230,DVDW2 121,Born To Defense
Adventure,043396116290,231,288,Bottle Rocket
Thriller,687797600493,232,CDISK1 84,Bound by Lies
Action,025192499326,233,CDISK1 54,Bourne Supremacy
Spies/Secret Agents,025192499326,234,,Bourne Supremacy
Comedy,025192057625,235,CDISK2 118,Bowfinger
Horror,016351094391,236,395,Bram Stoker's Way of the Vampire
Drama,097361558448,237,BB 105 106,BraveHeart
Romance,658149788626,238,RP 59 60,Bread and Roses
Comedy,026359147029,239,GP2 47 48,Breast Men
Romance,027616809223,240,GP 32,Breathless
Musical,786936278330,241,S5,Bride and Prejudice
Action,027616675729,242,S13,Bridge Too Far
Comedy,786936161977,243,BO2 72,Bridget's Jone Diary
Comedy,786936227130,244,DVDW1 10,Bringing Down The House
Musical,012414170491,245,BB 85 86,Britney Spears Live and More!
Musical,012414178497,246,CDISK1 103,Britney Spears: Live from Las Vegas
Drama,024543000037,247,DVDW2 7,Brokedown Palace
Action,086162104206,248,BS 5 6 7,Broken Arrow
Adventure,025192847721,249,CDISK3 99,Broken Flowers
Animation,786936224023,250,DVDW1 56,Brother Bear
Action,025192211522,251,CDISK2 79,Brotherhood of The Wolf
Adventure,786936692174,252,CDISK3 94,Brothers Grimm
Comedy,025192282324,253,T1 93,Bruce Almighty
Drama,601643852744,254,CDP1 43 44,Bruce Lee's Jeet Kune Do
Thriller,031398777229,255,T1 124,Bruiser
Comedy,786936165401,256,BB 121,Bubble Boy
Action,702727002526,257,DVDW1 109,Bubblegum Crisis
Drama,786936233469,258,CDISK1 78,Buffalo Soldiers
Family,717951001818,259,DVDW2 81,Bug's Life
Action,601643195445,260,S13,Bullet In The Head
Action,027616888396,261,CDP1 95,Bulletproof Monk
Sci-Fi,4895024906416,262,DVDW3 99,Bury Me High
Drama,786936144666,263,227,Butterfly
Drama,794043717321,264,T1 73,Butterfly Effect
Horror,031398110842,265,DVDW1 17,Cabin Fever
Comedy,043396824294,266,T1 121,Cable Guy
Comedy,043396027145,267,S3,Can't Hardly Wait
Romance,786936242683,268,281,Carolina
Drama,027616865519,269,GP 83,Carrie
Action,043396148598,270,,Casino Royale
Drama,024543036630,271,BB 64,Cast Away
Animation,786936175219,272,319 CDISK3 27 28,Castle In The Sky
Adventure,025192147623,273,DVDW1 36,Cat in the Hat
Adventure,667068998221,274,T1 92,Catch Me If You Can
Action,024543123231,275,DVDW1 113,Catch That Kids
Comedy,085392229321,276,BP 24 DVDW1 15,Cats & Dogs
Action,085393145026,277,T1 114,Catwoman
Action,043396070967,278,CDISK3 97,Cave
Sci-Fi,031398191759,279,S7,Caved In Prehistoric Terror
Musical,074645022994,280,DVDW2 109 110,Celine Dion All The Way
Musical,098707972898,281,CDISK3 39,Celine Dion: A New Day Has Come
Thriller,794043515026,282,BP 33,Cell
Thriller,794043763120,283,CDISK1 81,Cellular
Horror,031398187813,284,S12,Cerberus
Action,097363343042,285,DVDW2 15,Changing Lanes
Comedy,717119864347,286,65,Chaos
Comedy,039414520378,287,CDISK1 55,Chapter Zero
Adventure,012569593367,288,292,Charlie and Chocalate Factory
Action,043396021457,289,DVDW3 29,Charlie Angel's Full Throttle
Action,043396060173,290,206,Charlie's Angels
Documentary,794051192721,291,CDISK1 1,Chased By Dinosaurs
Comedy,717951002372,292,DVDW1 128,Chasing Amy
Comedy,024543086147,293,DVDW2 36,Chasing Papi
Comedy,024543116080,294,DVDW1 4,Cheaper by The Dozen
Musical,786936219197,295,CDP1 52 53 54 55,Chicago
Animation,786936246803,296,S8,Chicken Little
Animation,667068645323,297,DVDW3 101,Chicken Run
Horror,786936160345,298,DVDW1 32,Children of the Corn: Revelation
Horror,027616750426,299,BO2 69 70,Child's Play
Action,085391804628,300,S4,Chill Factor
Documentary,720917314822,301,DVDW2 119,China A Century of Revolution
Action,786936223538,302,208,China Strike Force
Crime,097361551647,303,BS2 41 42 43,Chinatown
Action,024543014157,304,DVDW2 22,Chinese Connection
Comedy,018713510747,305,CDISK2 115,Chooch
Drama,675754600327,306,S12,Chori Chori Chupke Chupke
Comedy,043396048614,307,326,Christmas With The Kranks
Fantasy,786936292930,308,S7,Chronicles of Narnia
Adventure,025192632426,309,DVDW2 124,Chronicles of Riddick
Drama,687797109897,310,283,Chrystal
Comedy,678149196726,311,S2,Chumscrubber
Family,786936239294,312,S8,Cinderella
Biography,025192211928,313,309,Cinderella Man
Comedy,085393145224,314,DVDW2 95,Cinderella Story
Family,014381020625,315,136,Cingo Amigas
Crime,085392208227,316,S2,City by The Sea
Action,024543078357,317,T1 94,City Hunter
Drama,085391632023,318,S2,City of Angels
Crime,027616889997,319,S3,City of Ghosts
Crime,786936223897,320,232,City of God
Drama,601641447447,321,159,City of SARS
Documentary,625712130434,322,CDISK2 51,City of Steel: Carrier
Action,786936158496,323,DVDW2 60,City On Fire
Drama,717951001917,324,S3,Civil Action
Adventure,012569513723,325,RP 41 42,Clash of The Titans
Action,097363246374,326,CDISK2 77,Clear and Present Dangers
Comedy,717951002716,327,RP 63 64,Clerks
Animation,085393492823,328,CDISK3 89,Clifford's Really Big Movie
Drama,085391736721,329,CDISK2 96,Clockwork Orange
Crime,687797999092,330,129,Close Your Eyes
Drama,043396048478,331,369,Closer
Comedy,024543207788,332,S5,Cloud 9
Documentary,053939819823,333,T1 104,CNN Millenium 2000
Drama,097363412649,334,S8,Coach Carter
Adventure,024543115878,335,CDISK1 2,Cocoon
Action,027616854766,336,CDP1 21 22 23,Code of Silence
Drama,786936226393,337,DVDW1 35,Cold Creek Manor
Drama,786936242164,338,T1 74,Cold Mountain
Crime,678149173420,339,CDISK1 72,Collateral
Mystery,717951003430,340,CDP1 86 87 88,Color of Night
Action,086162104244,341,T1 116 CDISK2 113,Commando
Action,717951000262,342,PO 13 14 15,Con Air
Action,012236126843,343,BO2 55 56,Con Express
Thriller,097363303879,344,GP 4,Congo
Comedy,025192386022,345,CDISK2 25,Connie and Carla
Thriller,085391509127,346,BO2 83 84,Conspiracy Theory
Horror,085393894221,347,CDISK2 83,Constantine
Drama,025192629228,348,S5,Contant Gardener
Action,043396065994,349,DVDW2 73,Contract Killer
Thriller,085391416821,350,GP2 39 40,Copycat
Drama,097363346746,351,CDP1 80 81 82,Core
Action,794043477621,352,208,Corruptor
Documentary,794051804723,353,CDISK2 107,Cosmic Voyage
Action,786936165395,354,CDISK2 78,Count of Monte Cristo
Action,043396090552,355,T1 80,Cowboy Bebop The Movie
Drama,027616878878,356,PO 37 +,CQ
Documentary,783421333291,357,CDISK2 43,Cracking the Code of Life
Action,085392341122,358,DVDW1 108,Cradle 2 The Grave
Horror,690445006028,359,CDISK3 69,Creature Unknown
Crime,097368796348,360,179,Crime Spree
Crime,085393896829,361,CDISK1 110,Criminal
Thriller,043396097070,362,CDISK2 23,Crimson Rivers
Action,717951000149,363,CDISK2 76,Crimson Tide
Comedy,027616880567,364,RP 55,"Crocodile Hunter, The: Collision Course"
Action,043396059900,365,CDISK2 60,"Crouching Tiger, Hiden Dragon"
Horror,025192940422,366,CDISK3 62 63,Cry Wolf
Drama,012236132509,367,CDISK3 56,Crying Game
Thriller,031398691433,368,RP 45,Cube
Horror,017153114010,369,360,Cujo
Horror,039414560084,370,CDISK3 64,Cup of My Blood
Adventure,096009443498,371,,Curse of King Tut's Tomb
Horror,733807816146,372,CDISK1 13,Curse of The Komodo
Horror,786936293975,373,,Cursed
Sci-Fi,027616656124,374,BO 27,Cyborg
Sci-Fi,031398705536,375,BO 28,Cyborg 2
Comedy,043396111301,376,CDISK1 98,D.E.B.S
Documentary,733961745252,377,S7,Da Vinci and The Code He Lived By
Comedy,043396017139,378,BC 42 43 44,Daddy Day Care
Horror,658149800229,379,BO2 65 66,Dagon
Drama,821575540650,380,284,Dallas 362
Horror,024543004493,381,DVDW1 29,Damien Omen II
Action,025192045028,382,GP 71 72,Dante's Peak
Action,024543077886,383,DVDW2 32,Daredevil
Animation,786936203196,384,GP2 53 54 55,Daredevil vs Spider-man
Action,027616886446,385,CDISK3 118,Dark Blue
Drama,786936242904,386,CDISK3 100,Dark Water
Thriller,N/A,387,DVDW2 11 S13,Darr
Comedy,024543247012,388,S8,Date Movie
Action,025192386121,389,DVDW2 87,Dawn of The Dead
Drama,027616911254,390,CDISK1 14,Day After
Action,024543135548,391,DVDW2 72,Day After Tomorrow
Comedy,000799447628,392,CDISK1 61,Day Without A Mexican
Action,097363212379,393,GP 1 2,Days of Thunder
Crime,027616784926,394,191,Dead  Man Walking
Action,717951000392,395,BS2 11 12,Dead Presidents
Horror,658149805927,396,DVDW1 62,Dead Zone 
Thriller,043396115408,397,393,Deal
Horror,043396075085,398,DVDW2 89,Decoys
Sci-Fi,687797600394,399,CDISK1 31,Deep Evil
Drama,097363308270,400,BS 52 53 54,Deep Impact
Sci-Fi,717951000651,401,CDISK2 55,Deep Rising
Action,024543027997,402,CDISK2 19,Deep Water
Adventure,085391544524,403,DVDW2 107,Deliverance
Action,027616852908,404,BO2 61 62,Delta Force 2
Action,085392208029,405,CDISK3 52,Delta Force One
Action,085391298526,406,RP 39 40,Demolition Man
Action,024543097945,407,CDP1 27 28 29,Derailed
Drama,796019786492,408,S7,Derailed
Thriller,024543086482,409,DVDW1 37,Desert Saints
Action,043396116597,410,229,Desperado
Comedy,027616850799,411,GP2 11 12,Desperately Seeking Susan
Action,043396138322,412,S8,Detonator
Horror,039414560046,413,CDISK2 35,Detour 2002
Comedy,717951009289,414,BO2 54,Deuce Bigalow Male Gigolo
Comedy,043396101074,415,338,Deuce Bigolow European Gigolo
Drama,027616865410,416,GP 73 74 75,Deuces Wild
Comedy,024543374404,417,S14,Devil Wears Prada
Action,031398185376,418,CDISK2 119 120,Devil's Rejects
Horror,039414581584,419,CDISK1 97,Devons Ghost
Drama,031398823025,420,366,Diamond Men
Comedy,031398175568,421,S8,Diary of A Mad Black Woman
Comedy,043396040014,422,DVDW1 1,Dick
Action,027616884282,423,CDISK2 81,Die Another Day
Action,086162103995,424,214,Die Hard
Action,086162104121,425,214,Die Hard 2
Action,024543021513,426,T1 122,Die Hard With Vengence
Drama,031398166979,427,329,Different Loyalty
Documentary,727994750468,428,S11,Dinosaur Hunters
Documentary,012236150145,429,CDISK1 99,Dinosaur Planet: Disk 1
Documentary,012236150145,430,CDISK1 100,Dinosaur Planet: Disk 2
Drama,707729128397,431,BO2 21 22 23,Dinotopia
Adventure,018713506764,432,,Dinotopia: Quest for the Ruby Sunstone
Crime,043396128743,433,S8,Dirty
Romance,012236044406,434,336,Dirty Dancing
Comedy,687797111869,435,357,Dirty Love
Drama,786936232073,436,DVDW2 30,Dirty Pretty Things
Comedy,794043775420,437,CDISK2 15,Dirty Shame
Comedy,085392124923,438,CDISK2 3,Dish
Horror,097363483441,439,,Disturbia
Comedy,024543152699,440,CDISK1 96,Dodgeball: A True Underdog Story
Action,723952076441,441,DVDW1 93,Dog Gone
Action,012236131083,442,CDISK2 82,Dog Soldiers
Comedy,043396056145,443,BB 113 114,Dogma
Action,027616860965,444,GP2 9 10,Dogs of War
Action,794043101366,445,S6,Domino
Drama,024543036401,446,353,Donnie Darko
Comedy,N/A,447,T1 128,Don't Tempt Me
Action,025192031229,448,S6,Doom
Road Trips,031398683636,449,GP 23,Doom Generation
Children,097368898844,450,S10,Dora The Explorer Animal Adventures
Animation,097368890244,451,CDISK3 102,Dora The Explorer Save The Day!
Animation,097368774049,452,CDISK3 37,Dora The Explorer: Dance To The Rescue
Animation,097368768840,453,CDISK3 35,Dora the Explorer: Dora's Christmas
Animation,097368797949,454,CDISK3 67,Dora The Explorer: Fairytale Adventure
Anime,N/A,455,BB 71,Doraemon (1973)
Anime,4988102822712,456,DVDW2 79 80,Doraemon The Movie 1 and 2
Action,043396832398,457,BO 11,Double Team
Action,601643573045,458,CDISK2 65,Downtown Torpedoes
Comedy,024543234555,459,S8,Dr. Dolittle 3
Comedy,012236115885,460,151,Dr. T & The Women
Horror,786936145038,461,BB 63,Dracula 2000
Sci-Fi,012236167181,462,CDISK1 45,Dracula 3000
Sci-Fi,024543078197,463,DVDW2 25,Dragon Fighter
Sci-Fi,025192067921,464,BO 63,Dragonheart A New Beginning
Animation,012236159940,465,CDISK1 62,Dragons Fire and Ice
Fantasy,043396104785,466,8,Dragons' World: A Fantasy Made Real
Action,097360136746,467,DVDW2 92,Dragonslayer
Horror,085392466429,468,DVDW1 102,Dreamcatcher
Animals & Nature,678149197624,469,S9,Dreamer
Action,085392101320,470,PO 25 26 27,Driven
Comedy,794043492723,471,GP2 60,Drop Dead Gorgeous
Comedy,043396083905,472,BS3 117,Drunken Master
Comedy,024543017936,473,BO2 93,"Dude, Where's My Car ?"
Comedy,012236171065,474,CDISK1 101,"Dude, Where's The Party"
Action,012569736658,475,359,Dukes of Hazzard
Comedy,794043673221,476,BC 65 66,Dumb and Dumberer
Sci-Fi,012236125297,477,BP 43 44,Dune: Special Edition Director's Cut
Fantasy,794043524523,478,BO2 31 32,Dungeons & Dragons
Action,027616929167,479,339,Dust to Glory
Science Fiction,687797120199,480,,Earthstorm
Thriller,025193330123,481,,Eastern Promises
Adventure,043396017498,482,392,Easy Rider
Comedy,045778668991,483,DVDW2 1,Eddie Izzard Circle
Action,085392330928,484,BO2 44,Eight Legged Freaks
Action,024543182641,485,CDISK1 27,Elektra
Comedy,786936244892,486,S1,Ella Enchanted
Drama,043396050457,487,220,Emperor and the Assassin
Animation,786936144413,488,BO2 85,Emperor's New Groove
Drama,085391175322,489,CDISK2 53,Empire of The Sun
Action,043396128910,490,S5,Empire of The Wolves
Comedy,085391416920,491,GP 39,Empire Records
Sci-Fi,024543263838,492,S11,Empire Strikes Back
Comedy,031398169222,493,150,Employee of The Month
Horror,025192072123,494,BP 19 20,End of Days
Drama,024543245704,495,S10,End of The Spear
Thriller,821575533454,496,CDISK1 42,Endangered Species
Action,085391592129,497,DVDW2 5,Enter the Dragon (1973)
Spoofs,024543438519,498,,Epic Movie
Sci-Fi,658149797420,499,T1 115,Epoch
Action,024543130666,500,CDISK1 11,Epoch: Revolution
Action,786936181081,501,CDISK3 57 B1,Equilibrium
Action,024543426981,502,,eragon
Comedy,736991664296,503,DVDW1 23,Erotic Misadventures of The Invisible Man
Action,097363324973,504,S2,Escape from L.A.
Action,027616854773,505,CDISK2 61,Escape From New York
Drama,025192395925,506,CDISK3 119,Eternal Sunshine of The Spotless Mind
Comedy,012236171850,507,CDISK1 102,Eulogy
Drama,027616884190,508,DVDW1 55,Europa Europa
Comedy,678149188622,509,DVDW1 115,Eurotrip
Biography,053939689921,510,S14,Evel Knieval
Horror,097363348276,511,DVDW1 95,Event Horizon
Action,013131066791,512,CDISK2 66,Evil Dead
Sci-Fi,667068892321,513,BP 2,Evolution
Fantasy,085392201822,514,BB 127 128,Excalibur
Action,085391421122,515,BO2 13 14,Executive Decision
Sci-Fi,717951005120,516,BB 50,Existenz
Action,085392106929,517,GP 53 54,Exit Wounds
Drama,043396136779,518,207,Exorcism of Emily Rose
Horror,06000202614,519,DVDW1 104,Exorcist
Horror,085391748823,520,DVDW1 59,"Exorcist III, The"
Adventure,085392467426,521,S4,Exorcist: The Beginning
Documentary,014381012422,522,CDISK1 88,Expanding Universe
Documentary,056775021092,523,S11,Experience The Deep
Drama,043396009646,524,S6,Experiment
Action,012569599307,525,S5,Extreme Dating
Action,804868430029,526,BS 87 88,Extreme Days
Documentary,689208,527,CDISK1 7,Extreme Engineering: Bridging the Bering Strait
Documentary,689208,528,CDISK1 25,Extreme Engineering: Building Hong Kong's Airport
Documentary,689208,529,CDISK3 11,Extreme Engineering: City in A Pyramid
Documentary,689208,530,CDISK3 12,Extreme Engineering: Holland's Barriers to The Sea
Documentary,689208,531,CDISK1 5,Extreme Engineering: Subways In America
Documentary,689208,532,CDISK1 6,Extreme Engineering: Tokyo's Sky City
Documentary,689208,533,CDISK1 5,Extreme Engineering: Transatlantic Tunnel
Documentary,689208,534,CDISK1 25,Extreme Engineering: Tunneling Under the Alps
Documentary,689208,535,CDISK3 13,Extreme Engineering: Widening the Panama Canal
Action,097363409540,536,CDISK3 108,Extreme Ops
Action,043396099593,537,GP2 63 64,Eye See You
Drama,031398100829,538,CDISK1 38,"Eye, The"
Action,027616850782,539,CDISK3 115,F/X
Short,634991164122,540,DVDW2 57,f8
Action,097361549576,541,CDISK2 59,Face / Off
Documentary,043396086708,542,CDISK1 10,Fahrenheit 9/11
Animation,024543207894,543,CDISK2 99,Family Guy Presents Stewie Griffin
Comedy,025192094125,544,S6,Family Man
Thriller,043396824799,545,DVDW1 80,"Fan, The"
Musical,717951008374,546,DVDW1 126,Fantasia 2000
Action,024543196037,547,CDISK3 38,Fantastic 4
Sci-Fi,702727009624,548,BP 35,Farscape
Action,025192127021,549,BB 107,Fast And The Furious
Action,025193064929,550,S14,Fast and the Furious Tokyo Drift
Comedy,025192544521,551,T1 123,Fast Times At Ridgemont High
Drama,085391298625,552,S4,Fearless
Suspense,039414510874,553,CDISK2 36,Feedback
Thriller,085392446124,554,BS 39 40,Femme Fatale
Comedy,097360189049,555,PO 5 6,Ferris Bueller's Day Off
Comedy,024543198413,556,S8,Fever Pitch
Crime,043396278998,557,S4,Few Good Men
Drama,084296402625,558,BS 73 74 75,Fifteen and Pregnant
Sci-Fi,043396824096,559,T1 122,Fifth Element
Drama,024543044789,560,T1 78,Fight Club
Documentary,082551748723,561,CDISK3 109,Fighter Jets and Attack Aircraft
Sci-Fi,031398169659,562,CDISK2 27,Final Cut
Horror,794043506123,563,226,Final Destination
Horror,794043627828,564,DVDW1 5,Final Destination 2
Drama,794043103728,565,S11,Final Destination 3
Animation,043396062498,566,CDISK3 31 32,Final Fantasy The Spirit Within
Fantasy,043396118966,567,S7,Final Fantasy VII
Drama,043396059894,568,BB 60,Finding Forrester
Animation,786936215595,569,CDISK3 1,Finding Nemo
Drama,786936261769,570,CDISK1 106,Finding Neverland
Documentary,056775040994,571,DVDW2 105 106,Firepower 2000
Action,658149792623,572,BO 57,Firetrap
Crime,012569594104,573,S9,Firewall
Romance,024543160458,574,CDISK1 108,First Daughter
Documentary,025192844928,575,S6,First Descent
Action,717951005151,576,CDISK2 60,Fist of The Legend
Drama,097360145441,577,CDISK3 2,Flashdance
Horror,043396503892,578,RP 5 6,Flatliners
Drama,039414520699,579,S10,Flight 93
Action,024543174530,580,CDISK1 36,Flight of The Phoenix
Action,786936270532,581,S3,Flight Plan
Drama,027616859112,582,GP2 37,Fluke
Action,043396136557,583,S3,Fog
Thriller,014381223521,584,231,Fog
Horror,027616878120,585,363,Fog
Action,027616702722,586,CDISK2 73,For Your Eyes Only
Sci-Fi,043396100787,587,CDISK1 56,Forgotten
Action,043396080300,588,BO2 89 90,Formula 51
Comedy,097361564449,589,358,Forrest Gump
Action,097363440741,590,188,Four Brothers
Action,043396018730,591,CDISK1 47,Frankenfish
Horror,707729166399,592,CDISK2 34,Frankenstein
Thriller,025192265921,593,BS 85 86,Fraternity
Comedy,786936225280,594,DVDW1 18,Freaky Friday
Comedy,024543024590,595,BB 72,Freddy Got Fingered
Horror,794043683121,596,DVDW1 3,Freddy vs Jason
Comedy,013023032798,597,GP 25,Free Enterprise
Crime,043396114401,598,S9,Freedomland
Action,024543020653,599,T1 102,French Connection
Drama,794043505829,600,BS2 44 45 46,Frequency
Comedy,794043468025,601,GP 13,Friday
Horror,025192028625,602,GP 65 66,Frighteners
Comedy,717951000446,603,375,From Dusk Till Dawn
Action,717951003157,604,GP 68,From Dusk Till Dawn 2: Texas Blood Money (1999) (V)
Horror,717951004642,605,S6,From Dusk Till Dawn 3
Thriller,024543035572,606,T1 118,From Hell
Action,085392100026,607,CDISK3 113,Fugitive
Action,601643798240,608,T1 85,Full Alert
Action,601643283548,609,DVDW3 98,Full Contact
Trailer,N/A,610,RP 28,Full Moon Trailers
Action,031398832621,611,CDISK1 23 24,Fulltime Killer
Comedy,043396102286,612,S7,Fun With Dick and Jane
Comedy,012569692145,613,S4,Funky Monkey
Disney,786936304077,614,S11,Funny Factory with Donald
Comedy,720917546520,615,137,Funny Ha Ha
Animation,024543069447,616,BS 45 46 47 48 49 50 51,Futurama Volume One
Documentary,014381063424,617,DVDW2 102 103 104,Future is Wild: Ice World
Action,717951000316,618,S3,G.I. Jane
Sci-Fi,667068601725,619,BB 57,Galaxy Quest
Action,024543115595,620,DVDW2 128,Game of Death II
Documentary,821575537254,621,CDISK1 77,Game Over: Kasparov And The Machine
Romance,024543155881,622,S9,Garden State
Comedy,024543146735,623,DVDW2 93,Garfield The Movie
Horror,031398168096,624,CDISK1 85,Gargoyles
Anime,719987228429,625,BO2 75 76,Garzey's Wing
Sci-Fi,043396826496,626,BP 45 46,Gattaca (1997)
Action,043396050266,627,CDISK2 40,Gen-X Cops
Anime,719987187429,628,PO 39 40+,Geobreeders
Action,085391858324,629,S4,Get Carter
Drama,027616603692,630,CDP1 128,Get Shorty
Drama,053939613926,631,S4,Gettysburg
Anime,780063552929,632,PO 45 46,Ghost In The Shell
Action,043396163119,633,,Ghost Rider
Horror,012236165064,634,CDISK1 86,Ghost Watcher
Anime,631595045178,635,CDISK1 33,Giant Robo: The Day Earth Stood Still
Comedy,024543135869,636,CDISK1 37,Girl Next Door
Drama,667068720426,637,S1,Gladiator (2000)
Thriller,043396062528,638,BS 55 56 57,Glass House
Action,687797601193,639,93,Glass Trap
Musical,074645022697,640,GP 12,Gloria Estefan: Que siga la tradicion (2000) (V)
Comedy,043396038264,641,BB 70,Go
Drama,031398163251,642,DVDW2 51,Godsend
Sci-Fi,043396231290,643,BO 5 6,Godzilla
Sci-Fi,043396056671,644,BO 90,Godzilla 2000
Sci-Fi,017153119589,645,GP2 51 52,Golden Years
Action,027616644220,646,290,GoldenEye
Action,717951008572,647,DVDW2 9,Gone In 60 Seconds
Comedy,027616902825,648,154,Good Boy!
Action,043396050549,649,T1 91,Gorgeous (Bor lei jun)
Horror,085392838028,650,DVDW1 98,Gothika
Comedy,024543237051,651,S7,Grandma's Boy
Comedy,097361557441,652,143,Grease
Drama,024543000051,653,DVDW2 2,Great Expectations
Action,066805302367,654,BS3 35,Great Martial Arts Movies
Action,786936688337,655,4,Great Raid
Documentary,017078983326,656,225,Greatest Places: IMAX
Comedy,043396111233,657,327,Green Butchers
Horror,031398187240,658,DVDW2 10,Green River Killer
Drama,012569760295,659,S10,Green Street Hooligans
Crime,786936190953,660,S4,Grifters
Horror,043396062603,661,DVDW2 115,Grudge
Sci-Fi,669198197093,662,T1 79,G-Saviour The Movie
Action,631595051988,663,S9,GTO The Movie
Comedy,043396101135,664,S4,Guess Who
Comedy,025192198427,665,CDISK1 3,Guru
Sci-Fi,027616716927,666,BP 12,Hackers
Comedy,794043112126,667,,Hairspray
Thriller,687797614391,668,S3,Half Light
Action,043396087842,669,DVDW1 88,Half Past Dead
Drama,717951000774,670,GP2 43 44,Hands That Rocks The Cradle
Comedy,043396047488,671,142,Hanging Up
Action,096009010232,672,BP 25 26,Hangmen
Thriller,027616865403,673,BB 123 124,Hannibal
Drama,031398702337,674,CDP1 50 51,Happiness
Romance,027616880048,675,T1 124,Happy Accidents
Drama,027616122872,676,S5,Happy Here and Now
Comedy,717951004833,677,178,Happy Texas
Action,N/A,678,DVDW1 38,Hard Boiled
Action,012236127796,679,BS 91 92,Hard Cash
Action,097363321378,680,BB 118,Hard Rain
Crime,031398101123,681,DVDW1 107,Hard Word
Musical,044006846293,682,CDP1 45 46,Hardware 2: Rock Videos
Comedy,794043762529,683,CDISK1 63,Harold & Kumar to White Castle
Fantasy,085392359226,684,PO 80 81,Harry Potter and The Chamber of Secrets
Adventure,012569593886,685,S7,Harry Potter and The Goblet of Fire
Adventure,085392844524,686,387,Harry Potter and the Prisoner of Azkaban
Fantasy,085392246724,687,DVDW1 121,Harry Potter And The Sorcerer's Stone
Adventure,012569593268,688,,Harry Potter Order Phoenix
Drama,027616877284,689,RP 7 8,Hart's War
Comedy,013131563092,690,,Hatchet
Comedy,786936226614,691,DVDW1 84,Haunted Mansion
Horror,039414560060,692,,Hazing
Action,024543100959,693,T1 94,Heart of Dragon
Drama,085392208128,694,DVDW2 16,Hearts In Atlantis
Comedy,111111111111,695,DVDW1 65,Heathers
Animation,043396039292,696,RP 52,Heavy Metal
Thriller,634991110921,697,293,Held For Ransom
Adventure,043396013179,698,S1,Hellboy
Horror,013131033090,699,GP2 2,Hellraiser
Horror,717951010643,700,DVDW1 30,Hellraiser 4: Bloodline
Horror,025192738128,701,CDISK1 50,Hell's Gate 11:11
Adventure,786936288261,702,CDISK3 75,Herbie Fully Loaded
Action,786936259223,703,CDISK1 48,Hero
Drama,895024901657,704,DVDW2 90,Hero Never Dies
Adventure,786936199314,705,CDISK2 21,Heroic Trio
Animation,097363396543,706,CDISK2 100,Hey Arnold! The Movie
Action,786936228120,707,DVDW1 124,Hidalgo
Action,031398794226,708,GP2 77 78,Hidden Agenda
Thriller,024543188506,709,302,Hide and Seek
Action,786936080230,710,294,High Heels and Low Lifes
Crime,031398183532,711,337,High Tension
Action,786936144833,712,S4,Highlander Endgame
Thriller,794043715228,713,CDISK2 31,Highwaymen
Family,050086059492,714,BC 75,Hilary Duff: All Access Pass
Musical,786936245035,715,DVDW2 100,Hilary Duff: The Girl Can Rock
Thriller,024543247470,716,S10,Hills Have Eyes
Comedy,086162128905,717,CDISK1 21,History of the World: Part 1
Crime,794043100956,718,S8,History of Violence
Action,601643958842,719,S1,Hit Team
Romance,043396112353,720,CDISK1 118,Hitch
Sci-Fi,786936254884,721,CDISK2 106,"Hitchhiker's Guide To The Galaxy, The"
Documentary,783421324398,722,CDISK3 78,Hitler's Lost Sub: Nova
Thriller,039414581508,723,CDISK2 9,Hitman's Code
Drama,786936224290,724,DVDW1 111,Holes
Sci-Fi,043396050723,725,BB 75 76,Hollow Man
Action,043396145436,726,S8,Hollow Man 2
Children,043396218529,727,,Holly Hobbie's & Friend
Crime,723952077233,728,398,Hollywood Flies
Action,043396009271,729,PO 95 96,Hollywood Homicide
Animation,786936243505,730,DVDW2 49,Home On The Range
Animation,796019791090,731,S8,Hoodwinked
Science Fiction,876964000918,732,,Host
Action,786936282917,733,CDISK2 14,Hostage
Horror,043396138384,734,S7,Hostel
Comedy,786936218459,735,DVDW1 76,Hot Chick
Action,025193327420,736,,Hot Fuzz
Action,024543046912,737,286,Hot Shots!
Action,024543046950,738,173,Hot Shots! Part Deux
Action,000799431528,739,185,Hot Spot
Comedy,027616905253,740,317,Hotel
Drama,027616925121,741,S8,Hotel Rwanda
Drama,043396091788,742,CDISK1 94,House of Flying Daggers
Action,601641719247,743,S2,House of Fury
Drama,678149097726,744,391,House of The Sand and Fog
Horror,085393894528,745,144,House of Wax
Comedy,097363369646,746,T1 97,How to Lose A Guy In 10 Days
Action,043396705999,747,361,Hudson Hawk
Sci-Fi,025192248924,748,BC 8 9,Hulk
Drama,N/A,749,S11,Hum Tum
Horror,736991464094,750,GP 86,Humanoids from the Deep (1980)
Documentary,700880,751,CDISK2 64,Hunt for Osama Bin Laden
Action,097363397243,752,BC 53 54 55,Hunted
Drama,025192071928,753,DVDW2 56,Hurricane
Crime,097363456544,754,S3,Hustle & Flow
Documentary,794051161826,755,DVDW2 116 NG1 7,Hyperspace
Romance,794043553721,756,GP 35 36,I Am Sam
Drama,043396046061,757,DVDW1 33,I Dreamed of Africa
Comedy,024543169482,758,CDISK2 2,I Heart Huckabees
Thriller,786936275308,759,CDISK2 33,I Inside
Thriller,043396214705,760,,I Know Who Killed Me
Animation,024543046646,761,S1 S13,Ice Age
Animation,024543377719,762,S13,Ice Age Meltdown
Music,025192629624,763,S10,Ice Harvest
Horror,039414520453,764,CDISK3 68,Ice Queen
Action,631595031782,765,CDISK3 72,Ichi The Killer
Documentary,693432,766,CDISK2 88,If We Had No Moon
Drama,043396111196,767,396,Imaginary Heroes
Sci-Fi,687797109590,768,CDISK2 30,Immortal
Comedy,024543116714,769,CDISK2 29,In America
Drama,024543223818,770,S4,In Her Shoes
Documentary,N/A,771,CDISK3 82,In Memoriam: New York City 9/11/01
Documentary,733961727890,772,S3,In Seach Of History: The Loch Ness Monster
Drama,658149797925,773,186,In The Shadows
Animation,786936244250,774,CDISK2 94,Incredibles
Action,024543000457,775,CDISK3 25 26,Independence Day
Action,097360612547,776,211,Indiana Jones Trilogy 1 of 3
Action,097360612547,777,212,Indiana Jones Trilogy 2 of 3
Action,097360612547,778,213,Indiana Jones Trilogy 3 of 3
Horror,031398174707,779,CDISK1 51,Infection
Crime,786936267266,780,CDISK1 29 S13,Infernal Affairs
Documentary,733961706529,781,CDISK2 92,Inside islam
Drama,025192884726,782,S11,Inside Man
Documentary,727994750864,783,CDISK2 72,Inside the U.S. Secret Service
Crime,085392330720,784,DVDW2 25,Insomnia
Sci-Fi,717951005113,785,BB 65,Inspector Gadget
Action,786936203387,786,BS 35 36,Inspector Gadget 2
Animation,012236179849,787,298,Inspector Gadget's Biggest Caper Ever
Action,097363224570,788,GP2 29 30 31 32,Internal Affairs
Thriller,025192583520,789,CDISK2 112,Interpreter
Action,043396118195,790,CDISK3 81,Into The Blue
Documentary,794051800022,791,BS 24,Into The Deep
Action,043396024946,792,CDISK1 111,Into The Sun
Comedy,025192281426,793,DVDW1 48,Intolerable Cruelty
Action,786936216448,794,340,Invincible
Animation,031398207481,795,,Invincible Iron Man
Sci-Fi,024543151906,796,,I-Robot
Animation,085391764427,797,BP 16 CDISK2 104,Iron Giant
Action,786936173123,798,DVDW2 65,Iron Monkey
Action,678149197020,799,400,Island
Horror,024543043485,800,RP 23 24,Island of The Dead
Adventure,097363304746,801,BC 16 17,Italian Job
Drama,660200310929,802,S3,J.S.A.
Drama,786936161564,803,CDISK2 97,Jackie Brown
Action,717951005069,804,DVDW2 76,Jackie Chan Project A
Action,794043466922,805,S1,Jackie Chan's First Strike
Action,786936219548,806,S1,Jackie Chan's Project A2
Drama,025192784224,807,S8,Jarhead
Horror,794043562822,808,GP2 35 36,Jason X
Comedy,786936169195,809,DVDW2 23,Jay and Silent Bob Strike Back
Horror,027616869753,810,BO2 24,Jeepers Creepers
Thriller,031398194118,811,,Jekyll+Hyde
Comedy,025192021428,812,CDISK3 23,Jerk
Comedy,043396020665,813,S9,Jerry Maguire
Action,717951005519,814,DVDW2 63,Jet Li The Enforcer
Action,786936193770,815,DVDW2 63,Jet Li The Master
Action,043396063921,816,DVDW1 60 61,Jet Li The One
Comedy,027616928207,817,S10,Jiminy Glick In La La Wood
Animation,097363382645,818,PO 82 83,Jimmy Neutron
Adventure,012236115922,819,291,Joan of Arc
Comedy,043396061613,820,BB 78,Joe Dirt
Comedy,024543042402,821,BP 9,Joe Somebody
Comedy,717951009944,822,BB 112,John Cusack High Fidelity
Drama,794043546822,823,DVDW2 42,John Q
Action,025192281921,824,DVDW2 66,Johny English
Animation,786936273991,825,CDISK3 104,Jojo's Circus Animal A Go-Go
Comedy,025192137723,826,,Josie and The Pussycats
Documentary,033937080753,827,224,Journey of a Lifetime
Documentary,79405488233,828,S12,Journey of Man
Sci-Fi,707729110569,829,CDISK1 90,Journey to the Center of the Earth
Thriller,024543036258,830,RP 21,Joy Ride
Action,717951000644,831,PO 78 79,Judge Dredd
Family,043396117426,832,384,Jumanji
Action,025192003226,833,CDISK2 47 48,Jurassic Park
Action,025192111228,834,S1,Jurassic Park II - The Lost World
Drama,757449336732,835,BB 74,Just a Little Harmless Sex (1999)
Mystery,085391362326,836,S2,Just Cause
Comedy,794043101762,837,S8,Just Friends
Comedy,024543072263,838,DVDW1 39,Just Married
Comedy,786936162141,839,T1 93,Just Visiting
Animation,085392223626,840,S7,Justice League
Animation,012569684416,841,S4,Justice League Unlimited: Joining Forces
Drama,097363402145,842,CDP1 4 5 6,K-19: The Widowmaker
Crime,027616851550,843,394,Kalifornia
Adventure,085392454129,844,DVDW1 63,Kangaroo Jack
Animation,085393890322,845,DVDW1 8,Kangaroo Jack: G 'Day USA
Documentary,074645159492,846,BB 80,Kathy Smith Latin Rhythm Workout
Sci-Fi,043396037731,847,CDISK1 91,Keena: The Prophecy
Comedy,025192991820,848,S11,Kids In America
Animation,786936175226,849,CDISK2 68,Kiki's Delivery Service
Action,786936226997,850,DVDW2 53,Kill Bill Volume 1
Action,786936245783,851,DVDW2 54,Kill Bill Volume 2
Action,71551500897,852,DVDW1 38,Killer
Adventure,786936277852,853,S6,Kim Possible The Movie
Action,786936242836,854,124,King Arthur
Adventure,025192626029,855,S7,King Kong
Action,601643333748,856,CDISK2 42,King of Beggars
Comedy,601643664941,857,DVDW2 64,King of Comedy
Action,024543206408,858,354,Kingdom of Heaven
Comedy,027616627520,859,324,Kingpin
Comedy,794043826320,860,S6,King's Ransom
Action,012569586710,861,S10,Kiss Kiss Bang Bang
Action,024543030454,862,DVDW2 5 S11,Kiss of The Dragon
Romance,N/A,863,T1 110,Knock Knock I Am Looking to Marry
Action,794043541025,864,BS2 39 40,Knockaround Guys
Comedy,031398173762,865,CDISK1 120,Knots
Drama,786936190458,866,DVDW1 64,Kolya
Biography,717951000576,867,CDISK2 54,Kundun
Action,043396108820,868,58,Kung Fu Hustle
Comedy,601641689540,869,381,Kung Fu Mahjong
Comedy,821575526159,870,244,Kung Phooey
Comedy,024543043881,871,BO 42,Kung Pow : Enter the Fist
Crime,085391491323,872,S2,L.A. Confidential
Comedy,012236119043,873,162,L.A. Story
Crime,043396108899,874,CDISK3 16,L4yer Cake
Drama,741952301295,875,DVDW1 69,La Dolce Vita
Action,027616853882,876,DVDW1 75,La Femme Nikita
Action,786936242638,877,350,Ladder 49
Comedy,097363376446,878,BO 31,Ladies Man
Comedy,786936239508,879,DVDW2 45,Lady Killers
Comedy,024543000020,880,BO2 43,Lake Placid
Documentary,880942000012,881,CDISK3 9 10,Lamborghini Experience: 40 Years of Excellence
Action,025192870224,882,355,Land of The Dead
Sci-Fi,017153100211,883,T1 108,Langoliers
Drama,031398802020,884,T1 99,Lantana
Action,097363407249,885,S1,Lara Croft Tomb Raider The Cradle of Life
Action,097363367543,886,DVDW2 74 S1,Lara Croft: Tomb Raider
Sci-Fi,763843801660,887,BS 4,Laserblast
Action,043396279391,888,CDISK2 114,Last Action Hero
Action,085391221722,889,189,Last Boy Scout
Action,667068987027,890,BO 35 36,Last Castle
Action,687797112590,891,S8,Last Drop
Drama,660200310325,892,CDISK1 17,Last Life in The Universe
Science Fiction,794043109164,893,,Last Mimzy
Drama,025192724220,894,CDISK1 58,Last Ride
Action,085392838325,895,DVDW1 82,Last Samurai
Comedy,786936242881,896,138,Last Shot
Action,794043450723,897,282,Last Standing Man
Sci-Fi,733961704099,898,356,Lathe of Heaven
Sci-Fi,794043409226,899,BO 53 54,Lawnmower Man
Comedy,794043725524,900,DVDW2 69,Laws of Attraction
Action,024543101802,901,BC 56 57 58,League of Extraordinary Gentlemen
Action,745638001936,902,S6,Left Behind
Drama,043396110281,903,161,Left Behind World At War
Comedy,027616898968,904,BC 61 62,Legally Blonde 2
Fantasy,025192177521,905,CDISK3 98,Legend
Action,786936193787,906,S1,Legend of Swordsman
Action,043396102323,907,S4,Legend of Zorro
Sci-Fi,4895080001414,908,DVDW2 71,Legend of Zu
Drama,043396787292,909,CDISK1 66,Legends of The Fall
Action,658149714526,910,306,Legionnaire
Comedy,097363407645,911,CDISK1 117,Lemony Snicket's A Series of Unfortunate Events
Animation,786936298765,912,S11,Leroy & Stitch
Drama,039414597141,913,DVDW1 49,Lessons For An Assasin
Sci-Fi,634991111928,914,BO2 5 6,Lethal Target
Action,085391170921,915,CDISK3 125,Lethal Weapon
Action,085391629023,916,CDISK3 126,Lethal Weapon 2
Action,085391247524,917,S5,Lethal Weapon 3
Action,053939690125,918,128,Librarian: Quest for the Spear
Action,111111111111,919,S4,License to Kill
Drama,025192695322,920,CDISK1 114,Life
Comedy,786936242942,921,CDISK1 49,Life Aquatic
Drama,794043547126,922,PO 21 22,Life As A House
Documentary,097368856943,923,CDISK1 9,Life Beyond Earth
Horror,027616701725,924,DVDW1 79,Lifeforce
Documentary,720917526133,925,RP 29 30,Lifestyle
Animation,786936165142,926,CDISK3 76,Lilo and Stitch
Animation,786936240139,927,17,Lilo and Stitch 2
Family,717951004000,928,DVDW1 11,Lion King
Animation,786936231717,929,DVDW2 50,Lion King 2
Adventure,717951007445,930,CDISK3 15,Little Mermaid II
Action,024543476078,931,,Live Free or Die Hard
Action,027616853943,932,S6,Living Daylights
Comedy,786936223576,933,BC 39 40 41,Lizzie McGuire
Crime,044005939125,934,DVDW1 116,"Lock, Stock and Two Smoking Barrels"
Action,794043444623,935,S5,Long Kiss Goodnight
Drama,012236133841,936,BS 83 84,Long Walk Home
Comedy,097363434948,937,DVDW2 4,Longest Yard
Fantasy,794043554223,938,DVDW2 17,"Lord of the Rings: The Fellowship of the Ring, The"
Fantasy,794043692925,939,DVDW1 99,"Lord of the Rings: The Return of the King, The"
Fantasy,794043635526,940,DVDW1 23,Lord of The Rings: Two Towers
Crime,031398188018,941,S2,Lord of War
Action,043396123717,942,CDISK3 83,Lords of Dogtown
Drama,025192395727,943,DVDW1 20,Lost In Translation
Horror,794043520723,944,S10,Lost Souls
Anime,013023194595,945,PO 76 77,Lupin The 3rd
Drama,097363441441,946,CDISK3 80,Machinist
Action,027616869241,947,CDISK2 62,Mad Max
Action,085391151920,948,CDISK3 18 19,Mad Max Beyond Thunderdome
Animation,678149456929,949,296,Madagascar
Musical,075993855821,950,S5,Madonna The Drowned World Tour 2001
Musical,075993819526,951,1,Madonna: The Immaculate Collection
Musical,075993850628,952,CDISK3 4,Madonna: The Video Collection 1993 - 1999
Action,024543078487,953,DVDW2 61 62,Magnificent Warriors
Action,085391859925,954,GP2 69 70 71,Magnum Force
Comedy,723952077059,955,CDISK1 71,Mail Order Bride
Comedy,025192001925,956,295,Mallrats
Comedy,794043100901,957,S2,Man
Action,043396031708,958,S3,Man of The House
Action,024543139652,959,DVDW2 47,Man On Fire
Sci-Fi,720917503929,960,BS2 25 26,Man Who Fell To Earth
Comedy,085391637523,961,GP 29,Man With Two Brains
Horror,012236176237,962,CDISK2 10,Man-Thing
Documentary,012569736573,963,S6,March of The Penguins
Action,043396093065,964,S6,Mariachi
Action,086162090677,965,DVDW2 37,Marked for Death
Action,043396117105,966,171,Marksman
Comedy,085391448020,967,BO 67 68,Mars Attacks
Comedy,794043401121,968,GP 19,Mask
Action,043396040618,969,CDISK3 106,Mask of Zorro
Action,024543114215,970,DVDW1 68,Master and Commander
Comedy,043396082892,971,RP 48,Master's of Disguise
Thriller,796019791595,972,S11,Matador
Comedy,085392467723,973,DVDW1 22,Matchstick Men
Comedy,027616062000,974,S14,Materials Girl
Action,085391773726,975,DVDW2 63,Matrix
Sci-Fi,085392864829,976,CDISK3 33 34,Matrix Reloaded
Documentary,085391900726,977,BS2 55 56 57,Matrix Revisted
Action,085393320928,978,DVDW1 58,"Matrix Revolutions, The"
Documentary,037429166925,979,CDISK2 49,Me & Isaac Newton
Comedy,024543006251,980,T1 121,"Me, Myself and Irene"
Comedy,025192582325,981,CDISK1 115,Meet The Pockers
Comedy,024543189299,982,S3,Melinda and Melinda
Action,043396065949,983,DVDW1 61,Meltdown
Drama,043396065987,984,T1 78,Memento
Drama,043396111592,985,S7,Memoirs of a Geisha
Action,043396126572,986,S6,Memory of A Killer
Action,043396826595,987,376,Men In Black
Sci-Fi,043396087712,988,RP 36,Men In Black
Drama,024543016656,989,S1,Men of Honor
Action,024543236931,990,S7,Mercenary for Justice
Action,025192033322,991,BP 47 48,Mercury Rising
Drama,619543002732,992,BS 63 64,Mesmerized
Anime,043396077966,993,BP 7,Metropolis
Romance,667068782226,994,DVDW2 20,"Mexican, The"
Musical,074645012391,995,DVDW2 109,Michael Jackson: Video Greatest Hits - HIStory
Animation,786936266665,996,CDISK3 54,Mickey and The Beanstalk
Drama,0792833287,997,CDP1 92 93 94,Midnight Cowboy
Action,787364439294,998,DVDW1 9,Midnight Street Racing
Comedy,821575528955,999,CDISK1 112,Midsummer Night's Save
Drama,031398160809,1000,CDISK1 52,Millennium Mambo
Drama,012569593237,1001,S7,Million Dollar Baby
Comedy,024543199052,1002,141,Millions
Sci-Fi,717951000323,1003,CDISK3 58,Mimic
Horror,786936144680,1004,T1 112,Mimic 2
Horror,786936230390,1005,T1 113,Mimic 3
Action,786936244557,1006,131,Mind Hunters
Action,667068998924,1007,DVDW1 127 S12,Minority Report
Action,031398194347,1008,S12,Minotaur
Drama,012236101659,1009,CDISK3 79,Minus Man
Action,085391897620,1010,PO 9 10 11,Miss Congeniality
Comedy,012569593312,1011,CDISK2 16,Miss Congeniality 2
Drama,043396025431,1012,DVDW1 19,Missing
Action,097361549774,1013,S13,Mission Impossible
Action,097363348740,1014,DVDW2 97,Mission Impossible 2
Action,097363398745,1015,S13,Mission Impossible 3
Action,097360420449,1016,DVDW2 96 S8,Mission: Impossible Special Collector's Edition
Musical,785688910390,1017,BS2 47 48,Mixmasters Episode One
Musical,638812710093,1018,RP 14,Mobyplay The DVD
Anime,013023149090,1019,RP 57 58,Moldiver
Comedy,024543019350,1020,BB 48,Monkeybone
Crime,043396055520,1021,DVDW2 28,Monster
Drama,658149798229,1022,209,Monster's Ball
Animation,786936164886,1023,BO2 30 S12,Monsters Inc
Thriller,043396078086,1024,DVDW1 5,Mothman Prophecies
Adventure,025192594229,1025,CDISK2 52,Motocycle Diaries
Horror,012236193722,1026,CDISK2 95,Motor Home Massacre
Drama,024543008705,1027,GP2 83 84 85 86 87 88 89,Moulin Rouge
Horror,634991232623,1028,CDISK1 89,MPD Psycho
Comedy,043396078222,1029,BS3 48,Mr Deeds
Family,717951000361,1030,CDISK2 116,Mr Magoo
Action,024543213710,1031,182,Mr. & Mrs. Smith
Drama,025192178023,1032,GP 37 38,Mulholland Dr
Drama,025192182327,1033,S8,Munich
Crime,043396115484,1034,301,Murder At The Presidio
Crime,824355516920,1035,S11,Murder On The Border
Action,025192176524,1036,DVDW2 34,Musketeer
Comedy,012569593459,1037,25,Must Love Dog
Comedy,024543005315,1038,BS3 100,My Cousin Vinny
Drama,085391828624,1039,CDISK2 5,My Dog Skip
Animation,024543061663,1040,BO2 91 92,My Neighbor Totoro
Adventure,013131241792,1041,DVDW1 100,My Science Project
Documentary,056775042998,1042,DVDW1 28,"Mysteries and Myths of the 20th Century Amelia Earhart, Lindbergh's Son"
Comedy,025192068829,1043,377,Mystery Men
Drama,027616857781,1044,BB 68,Mystic Pizza
Drama,085392772124,1045,DVDW2 42,Mystic River
Documentary,601641294843,1046,DVDW1 38,Myths and Logic of Shaolin
Animation,702727012327,1047,DVDW1 81,Nadia The Adventure Begins
Drama,024543078494,1048,S13,Naked Killer
Action,829567009024,1049,DVDW2 83,Naked Weapon
Comedy,025192630927,1050,S7,Nanny McPhee
Comedy,024543143925,1051,139,Napoleon Dynamite
Mystery,097363418344,1052,DVDW1 97,NARC
Comedy,027616912176,1053,CDISK1 7,National Lampoon Presents Dorm Daze
Comedy,794043839221,1054,S5,National Lampoon's Adam and Eve
Comedy,025192155024,1055,44,National Lampoon's Animal House
Comedy,27616129376,1056,S4,National Lampoon's Barely Legal
Comedy,085391188926,1057,GP 14,National Lampoon's Christmas Vacation
Comedy,027616925800,1058,S4,National Lampoon's Going The Distance
Comedy,027616924452,1059,CDISK1 65,National Lampoon's Gold Diggers
Comedy,024543150251,1060,CDISK1 107,National Lampoon's Holiday Reunion
Comedy,634991248327,1061,DVDW2 99,National Lampoon's Lost Reality 2
Comedy,085391131526,1062,GP 11,National Lampoon's Vacation
Comedy,012236129363,1063,CDP1 77 78 79,National Lampoon's Van Wilder
Action,043396078208,1064,DVDW2 27,National Security
Action,786936242928,1065,18,National Treasure
Horror,031398729228,1066,RP 49 50 51,Natural Born Killers
Action,027616858696,1067,127,Navy Seals
Drama,025192328923,1068,T1 77,Ned Kelly
Action,085391675020,1069,CDISK3 110,Negotiator
Anime,702727001123,1070,RP 17 18,Neon Genesis Evangelion Collection 0:1
Action,031398157250,1071,CDISK2 11,Nest
Sci-Fi,043396116191,1072,BS3 119,"Net, The (1995)"
Thriller,024543129011,1073,T1 72,Never Die Alone
Thriller,043396118096,1074,S2,Never Talk to Strangers
Action,031398177722,1075,S7,New Police Story
Comedy,039414520361,1076,CDISK1 69,New Suit
Action,097363516644,1077,,Next
Action,012569067028,1078,334,Next of Kin
Romance,658769206432,1079,368,Nice Guy Sleep Alone
Comedy,097363359470,1080,BP 42,"Night at the Roxbury, A (1998)"
Action,085392000623,1081,GP 79 80,Night Shift
Supernatural & Paranormal,024543237488,1082,S10,Night Watch
Action,018713831088,1083,GP 87,"Nighthawks, The"
Animation,717951009395,1084,DVDW2 12,Nightmare Before Christmas
Crime,043396079014,1085,T1 95,Nine Queens
Drama,027616843623,1086,CDISK3 116,No Way Out
Thriller,014381273328,1087,316,No Witness
Drama,012569593404,1088,S6,North Country
Drama,012569724433,1089,S7,Nos Miran
Drama,794043749728,1090,S11,Notebook
Comedy,039414520545,1091,DVDW2 18,Nothing
Drama,027616925138,1092,S4,Novo
Comedy,012236123507,1093,T1 123,Novocaine
Anime,719987212220,1094,BO2 87 88,Now and Then Here and There
Drama,794043106880,1095,,Number 23
Comedy,025192014826,1096,GP 18,Nutty Professor
Drama,085392263424,1097,DVDW2 22,Ocean's Eleven
Comedy,085393894825,1098,CDISK1 12,Ocean's Twelve
Musical,074644987799,1099,CDISK3 8,Odyssey Into The Mind's Eye
Drama,027616850119,1100,DVDW1 14,Of Mice and Men
Comedy,086162118456,1101,DVDW1 119 120,Office Space
Comedy,678149056129,1102,BS 93 94,Old School
Sci-Fi,018713813046,1103,BO 39 40,Omega Code 2
Multi-Feature Discs,043396049192,1104,GP2 61,Omega Doom
Action,043396084254,1105,DVDW2 91,Once A Thief
Action,043396056725,1106,DVDW2 80,Once Upon A Time In China
Crime,043396087170,1107,DVDW1 2,Once Upon A Time In Mexico
Action,024543204084,1108,174,Ong-Bak The Thai Warrior
Action,024543101475,1109,DVDW2 38,Only The Strong
Thriller,031398167341,1110,CDISK1 34,Open Water
Action,717951002921,1111,CDISK1 15 16,Operation Condor
Action,717951002938,1112,BP 10,Operation Condor 2
Comedy,097363359241,1113,RP 19,Orange County
Asian,601643513645,1114,S14,Organized Crime & Triad Bureau
Thriller,027616861498,1115,CDISK3 112,Original Sin
Horror,786936166552,1116,BO2 19 20,Others
Action,043396014763,1117,S10,Out For A Kill
Drama,025192025020,1118,BS2 19 20 21,Out of Africa
Action,025192034022,1119,S2,Out of Sight
Crime,027616901798,1120,DVDW1 12,Out of Time
Action,085391363224,1121,BS 61 62,Outbreak
Crime,085391498223,1122,DVDW1 72,Outland
Comedy,786936278057,1123,CDISK2 108,Pacifier
Drama,043396064577,1124,GP2 81 82,Panic Room
Comedy,024543090472,1125,T1 109,Pantaleon
Drama,012569083226,1126,T1 106,Papillon
Thriller,821575532655,1127,CDISK3 36,Paranoia: 1.0
Drama,024543106814,1128,CDISK2 85,Party Monster
Action,085391256922,1129,RP 20,Passenger 57
Drama,024543129752,1130,DVDW2 43 44,Passion of The Christ
Documentary,084296402342,1131,DVDW2 22,Path Of The Dragon: Bruce Lee
Anime,660200405526,1132,CDP1 40 41 42,Patlabor 2
Sci-Fi,013023193598,1133,CDISK2 41,Patlabor WXIII: The Movie
Action,097363253075,1134,S5,Patriot Games
Drama,085391887720,1135,GP 15 16,Pay It Forward
Crime,097363363279,1136,DVDW1 125,Payback
Sci-Fi,097363380344,1137,DVDW1 92,Paycheck
Drama,786936164282,1138,DVDW2 82,Pearl Harbor
Biography,043396006058,1139,S4,People vs. Larry Flynt
Comedy,025192630026,1140,152,Perfect Man
Crime,043396183841,1141,,Perfect Stranger
Adventure,025192307225,1142,DVDW1 86,Peter Pan
Thriller,717951000590,1143,CDISK3 92,Phantoms
Action,024543117230,1144,CDISK1 20,Phase IV
Comedy,025192966729,1145,S12,Phil The Alien
Crime,024543080480,1146,S2,Phone Booth
Short,012236049401,1147,DVDW1 69,Pi
Comedy,024543021568,1148,GP 63 DVDW1 13,Ping!
Drama,053939699623,1149,S14,Pirates of Silicon Valley
Adventure,786936224306,1150,BC 59 60,Pirates of The Caribean
Comedy,012569693371,1151,S9,Plan B
Fantasy,024543028970,1152,PO 49 50 51 52,Planet of The Apes
Musical,720917300122,1153,CDISK3 8,Planetary Traveler
Action,027616851567,1154,210,Platoon
Animation,786936157147,1155,CDISK1 19,Pocahontas
Animation,085393895426,1156,6,Polar Express
Animation,018713813213,1157,GP2 75,Popeye The Sailor: When Popeye Ruled The Seven Seas
Animation,018713813329,1158,GP2 76,Popeye The Sailor: When Popeye Ruled The World (Goodtimes)
Comedy,086162090691,1159,365,Porky's
Thriller,012569830127,1160,S12,Poseidon
Drama,085391551928,1161,S2,Postman
Asian,601643200842,1162,S14,Powerful Four
Comedy,085391632221,1163,GP 26,Practical Magic
Action,024543010852,1164,T1 116,Predator
Horror,031398174295,1165,114,Premonition
Comedy,717951007797,1166,379,Pretty Woman
Drama,097363283270,1167,DVDW1 74,Primal Fear
Drama,794043784927,1168,CDISK1 39,Primer
Musical,025192843723,1169,S9,Producers
Action,043396747494,1170,349,Professional
Drama,786936296303,1171,S6,Proof
Horror,786936286342,1172,CDISK1 116,Prophecy
Serial Killers,031398177937,1173,S9,Psychic
Horror,758445401721,1174,S6,Pterodactyl
Action,717951000217,1175,CDISK2 80,Pulp Fiction 
Horror,876964000055,1176,S6,Pulse
Action,012236162438,1177,DVDW2 46,Punisher
Comedy,043396013339,1178,DVDW1 106,Punk Drunk Love
Sci-Fi,786936188363,1179,GP2 95 96,Puppet Masters
Action,N/A,1180,DVDW3 93,Qayamat Se Qayamat Tak
Horror,085392330423,1181,CDISK1 60,Queen's of The Damned
Comedy,024543016625,1182,GP2 57 58,Quills
Sci-Fi,039414520491,1183,CDISK3 63,Raging Sharks
Adventure,027616884169,1184,S4,Rain Man
Action,086162123023,1185,287,Raising Arizona
Action,012236163572,1186,DVDW2 77,Rambo II
Action,012236046707,1187,CDP1 101 102 103,Rambo III
Action,012236126522,1188,DVDW2 71,Rambo: First Blood
Thriller,027616131263,1189,CDISK3 123,Rampage: The Hillside Strangler Murders
Anime,013023004696,1190,BO2 86,Ranma 1/2 Movie
Action,717951000026,1191,CDP1 89 90 91,Ransom
Comedy,097363368441,1192,BB 69,Rat Race
Comedy,794043652127,1193,CDISK1 123,Real Cancun
Horror,012569736702,1194,,Reaping
Comedy,024543217015,1195,S4,Rebound
Animation,786936147902,1196,CDISK2 100,Recess School's Out
Thriller,786936207996,1197,DVDW1 54,Recruit
Thriller,678149447224,1198,CDISK3 122,Red Eye
Action,012236118763,1199,DVDW2 109,Red Heat
Comedy,758445115628,1200,148,Reefer Madness
Action,786936191417,1201,BO2 59 60,Reign of Fire
Horror,097363315476,1202,385,Relic
Action,043396142312,1203,CDP1 97,Replacement Killers
Action,012236119944,1204,DVDW1 101,Replicant
Comedy,804868409384,1205,175,Repli-Kate
Adventure,012236044208,1206,CDISK2 86,Reservoir Dogs
Action,043396082915,1207,226,Resident Evil
Action,043396037953,1208,S1,Resident Evil Apocalyse
Action,043396190832,1209,S19,Resident Evil Extinction
Action,024543018049,1210,DVDW1 78,Return of The Dragon
Sci-Fi,024543263937,1211,S11,Return of The Jedi
Comedy,043396037410,1212,GP2 59,"Return of the Texas Chainsaw Massacre, The"
Asian,601643377148,1213,S14,Return to A Better Tomorrow
Action,043396008175,1214,DVDW1 16,Returner
Documentary,733961727708,1215,CDISK2 71,Richard Nixon
Musical,074645020990,1216,BS3 113,Ricky Martin One Night Only
Horror,031398172529,1217,146,Riding The Bullet
Drama,667068998023,1218,S1,Ring
Comedy,024543235231,1219,S8,Ringer
Crime,658149811928,1220,,Rip It Off
College Life,027616074270,1221,,Rise of Taj
Action,024543043447,1222,DVDW2 33,Road Kill
Documentary,066805300790,1223,CDISK1 18,Road Rage
Documentary,711929200111,1224,CDISK1 18,Road Rage II
Crime,678149014723,1225,DVDW2 19,Road to Perdition
Comedy,667068639520,1226,DVDW2 24,Road Trip
Action,085391118121,1227,CDISK3 17 19,Road Warrior
Action,085391400028,1228,DVDW2 6 S13,Robin Hood
Documentary,688267,1229,DVDW2 117,Robosapiens
Animation,024543193913,1230,CDISK2 111,Robots
Action,717951000040,1231,CDISK2 61,Rock
Action,717951003195,1232,RP 43 44,Rocketeer
Action,736991665392,1233,345,Rod Steele
Action,085391812821,1234,DVDW2 73,Romeo Must Die
Action,027616743923,1235,S5,Ronin
Documentary,014381437225,1236,T1 4,Roswell Report: Case Closed
Sci-Fi,017153130812,1237,S11,Roswell The Cover Up
Horror,031398176893,1238,313,Rottweiler
Drama,717951001535,1239,DVDW1 112,Rounders
Comedy,786936165425,1240,RP 25 26,Royal Tenenbaums
Action,024543055808,1241,BS 14,RPM
Animation,097363405245,1242,DVDW1 27,Rugrats Go Wild
Action,794043441028,1243,GP2 5 6 7 8,Rumble In The Bronx
Action,043396040144,1244,CDISK3 61,Run Lola Run
Romance,097363238447,1245,BB 58,Runaway Bride
Action,025192329029,1246,DVDW1 67,Rundown
Action,111111111111,1247,DVDW2 126 S12,Running Out of Time
Thriller,794043103056,1248,S9,Running Scared
Action,794043717284,1249,BB 103,Rush Hour
Action,794043540424,1250,BB 104,Rush Hour 2
Romance,717951002983,1251,T1 125,Rushmore
Comedy,043396148307,1252,S11,RV
Action,043396006249,1253,DVDW2 15,S.W.A.T.
Drama,028157207592,1254,S14,Saathiya
Action,097363418146,1255,CDISK2 105,Sahara
Crime,085391888222,1256,S2,Salton Sea
Drama,097360111347,1257,DVDW1 40,Saturday Night Fever
Comedy,031398163039,1258,CDISK1 113,Saturday Night Live: Best of Chris Kattan
Comedy,031398841920,1259,DVDW2 3,Saturday Night Live: The Best of Will Ferrell
Drama,667068466423,1260,CDISK2 123,Saving Private Ryan
Comedy,043396070660,1261,BS3 34,Saving Silverman
Documentary,783421370494,1262,CDISK3 69,Saving the National Treasures: Nova
Crime,031398188599,1263,S6,Saw II
Crime,025192315725,1264,DVDW1 73,Scarface
Horror,039414520521,1265,CDISK3 66,Scarred
Comedy,717951004857,1266,BP 3,Scary Movie
Comedy,786936165357,1267,BP 4,Scary Movie 2
Comedy,786936237863,1268,DVDW1 90,Scary Movie 3
Comedy,025192966224,1269,S6,School of Life
Comedy,097363385141,1270,DVDW2 101,School of Rock
Documentary,683862,1271,DVDW2 19,Science of The Sexes: Different by Design
Documentary,683862,1272,DVDW3 82,Science of the Sexes: Growing Up
Comedy,085392839926,1273,DVDW2 48,Scooby-Doo 2
Crime,097363392149,1274,DVDW1 110 T1 6,Score
Thriller,794043499722,1275,BB 115 116,Se7en
Action,043396138230,1276,S7,Second In Command
Drama,794043690426,1277,DVDW1 57,Secondhand Lions
Drama,043396036635,1278,DVDW1 66,Secret Window
Drama,658149811324,1279,BS 17 18,Secretary
Documentary,N/A,1280,DVDW2 26,Secrets of Future Air Power
Comedy,025192580123,1281,CDISK2 56,Seed of Chucky
Action,031398155393,1282,S10,Senorita Justice
Thriller,024543266020,1283,S12,Sentinel
Action,025192632723,1284,46,Serenity
Horror,031398117940,1285,CDISK2 37,Serial Killing 101
Horror,4895024901756,1286,CDP1 96,Seventh Curse
Drama,031398827429,1287,DVDW1 21,Sex and Lucia
Comedy,027616928955,1288,S10,Sex and The Teenage Mind
Crime,085393482725,1289,S4,Shade
Action,043396149915,1290,S11,Shadow Man
Action,012236141129,1291,180,"Shaft, The"
Action,736991470293,1292,166,Shakedown
Comedy,786936273298,1293,CDISK1 74,Shall We Dance
Horror,027616780027,1294,GP 52,Shallow Grave
Comedy,786936208412,1295,DVDW2 39 40,Shaolin Soccer
Action,601641657242,1296,CDISK1 104,Shaolin vs Evil Dead
Documentary,025192141928,1297,DVDW1 38,Shaolin: Wheel of Life
Drama,025192281327,1298,342,Shape of Things
Animation,678149195521,1299,389,Shark Tale
Drama,053939258325,1300,S2,Shawshank Redemption
Drama,085392252626,1301,S10,Shining
Horror,085392115624,1302,BO2 41 42,"Shining, The"
Drama,043396067851,1303,CDISK1 28,Shiri
Drama,786936282986,1304,S7,Shop Girl
Drama,044005539325,1305,DVDW1 34,Short Cinema Journal 1:5
Action,085392330225,1306,DVDW2 20,Showtime
Animation,667068901221,1307,BB 59,Shrek
Animation,678149087123,1308,CDISK3 128,Shrek 2
Comedy,024543175780,1309,CDISK1 127,Sideways
Action,024543010913,1310,BO 15 16,Siege
Drama,786936197594,1311,T1 107,Signs
Thriller,027616865502,1312,GP 45 46,Silence of The Lambs
Action,025192858529,1313,135,Silver Hawk
Animation,024543119173,1314,CDISK2 101 102 103 104,Simpsons Fourth Season
Animation,024543484271,1315,,Simpsons The Movie
Animation,024543009016,1316,DVDW1 73 74,"Simpsons, The: The Complete First Season"
Animation,024543037156,1317,DVDW1 75 76 ? ?,"Simpsons, The: The Complete Second Season"
Crime,043396016422,1318,DVDW1 96,Sin
Thriller,786936291568,1319,CDISK2 84,Sin City 
Animation,678149083729,1320,T1 83,Sinbad Legend of The Seven Seas
Comedy,717951001931,1321,BO2 94,Sirens
Comedy,601641592345,1322,126,Six Strong Guys
Thriller,N/A,1323,CDISK1 73,Sixtynin9
Drama,025192585029,1324,371,Skeleton Key
Action,096009398798,1325,CDISK3 60,Skeleton Man
Werewolves,031398214137,1326,,Skinwalkers
Thriller,025192149023,1327,S6,Skulls 2
Sci-Fi,097363434146,1328,,Sky Captain and The War of The World
Action,786936288353,1329,362,Sky High
Drama,085391448228,1330,CDISK1 68,Sleepers
Rocky Relationships,687797117595,1331,,Sleeping Dogs Lie
Horror,097363296249,1332,DVDW2 5,Sleepy Hollow
Comedy,667068640229,1333,177,Small Time Crooks
Drama,027616864864,1334,BB 79,Smokers
Thriller,025193226624,1335,,Smokin' Aces
Reptiles,794043105487,1336,,Snakes On The Plane
Crime,043396062535,1337,DVDW1 103,Snatch
Action,043396085893,1338,DVDW2 85,Sniper 2
Action,043396035072,1339,CDISK1 122,Sniper 3
Comedy,786936184914,1340,BS 27 28,Snow Dogs
Sci-Fi,043396098688,1341,DVDW1 1,So Close
Comedy,043396524293,1342,BO2 29,So I Married An Axe Murderer
Comedy,043396013025,1343,DVDW1 71,Something Gotta Give
Musical,N/A,1344,T1 87,Songs of The Millenium
Comedy,024543065975,1345,370,Sordid Lives
Comedy,786936194906,1346,RP 46,Sorority Boys
Action,085393145927,1347,S8,Sound of Thunder
Animation,097363368243,1348,GP 24,"South Park Bigger, Longer and Uncut"
Comedy,027616810021,1349,BP 15,Spaceballs
Sci-Fi,786936188370,1350,BS 33 34,Spaced Invaders
Action,794043461026,1351,BO 43 44,Spawn
Sci-Fi,027616603494,1352,BO 37 38,Species
Sci-Fi,027616703620,1353,BO 41,Species II
Sci-Fi,027616919991,1354,DVDW2 123,Species III
Action,086162091643,1355,DVDW2 55,Speed
Action,043396096615,1356,S1,Spider-man
Action,043396159280,1357,,Spiderman 3
Animation,786936213843,1358,CDISK2 46,Spirited Away
Children,097368895447,1359,S7,SpongeBob SquarePants Lost In Time
Anime,702727021527,1360,GP 64,Spriggan
Comedy,043396010550,1361,CDISK3 87,Spun
Adventure,786936164862,1362,BC 6 7,Spy Kids 2
Action,786936230550,1363,,Spy Kids 3-D: Game Over
Action,027616812926,1364,CDISK2 74,"Spy Who Loved Me, The"
Sci-Fi,039414520415,1365,DVDW2 75,Star Force
Adventure,097361549477,1366,S2,Star Trek First Contact
Action,097363389941,1367,DVDW2 127,Star Trek Nemesis
Action,024543023913,1368,CDISK2 90,Star Wars: Episode I - The Phantom Menace
Sci-Fi,024543055396,1369,DVDW1 122 123,Star Wars: Episode II - Attack of the Clones
Action,024543203094,1370,132,Star Wars: Episode III - Revenge of the Sith
Adventure,097363475644,1371,,Stardust
Action,723952076120,1372,CDISK3 55,Starfire Mutiny
Sci-Fi,027616924865,1373,CDISK1 109,Stargate Atlantis
Sci-Fi,043396717190,1374,DVDW2 122,Starship Troopers
Horror,043396018488,1375,125,Starship Troopers 2
Action,085392840328,1376,200,Starsky and Hutch
Documentary,012236119869,1377,DVDW3 82,Startup.com
Thriller,031398117346,1378,236,Stealing Candy
Action,043396102156,1379,CDISK3 5 6 7,Stealth
Animation,043396055032,1380,165,SteamBoy
Comedy,097363380146,1381,CDISK2 110,Stepford Wifes
Animation,786936211184,1382,DVDW1 8,Stitch the Movie
Crime,086162104251,1383,T1 101,Strange Days
Comedy,027616852878,1384,T1 100,Stranger Than Paradise
Action,660200406929,1385,DVDW1 41,Street Fighter II V Volume 1
Action,660200407124,1386,DVDW1 43,Street Fighter II V Volume 3
Action,660200407223,1387,DVDW1 44,Street Fighter II V Volume 4
Action,660200407025,1388,DVDW1 42,Street Fighter II Volume 2
Sports,645573328221,1389,CDISK1 75,Street Fury Redline
Action,031398166337,1390,348,Strike Force
Comedy,024543116516,1391,DVDW1 89,Stuck On You
Action,043396110687,1392,CDISK1 80,Submerged
Comedy,794043529825,1393,BO 58,Sugar & Spice
Action,097363372226,1394,PO 31 32 33 34 35,Sum Of All Fears
Comedy,085392110025,1395,351,Summer Catch
Documentary,014381462227,1396,T1 71,Super Speedway
Comedy,024543049531,1397,CDISK2 98,Super Troopers
Comedy,043396014374,1398,374,Superbabies
Action,717951000231,1399,DVDW2 88,Supercop
Action,717951004949,1400,BO 12,Supercop 2
Action,024543208556,1401,S4,Supercross
Adventure,027616876560,1402,BO2 49 50,Supergirl
Superheroes,012569723511,1403,S14,Superman Returns
Action,012569101326,1404,CDISK3 73 74,Superman The Movie
Supernatural & Paranormal,012569806788,1405,S14,Supernatural: The Complete First Season
Action,601643678849,1406,DVDW2 73,"Suspect, the"
Action,031398105626,1407,S13,Swindle
Comedy,717951000491,1408,BB 73,Swingers
Drama,601641624541,1409,CDISK2 22,Sword In The Moon
Action,085392132225,1410,DVDW2 11,Swordfish
Drama,842498030127,1411,S3,Sympathy for Mr. Vengeance
Drama,012569807723,1412,S10,Syriana
Horror,043396095663,1413,364,Taboo
Comedy,043396063952,1414,S2,Tailor of Panama
Drama,794043103636,1415,S12,Take The Lead
Comedy,N/A,1416,DVDW2 125 S13,Taking Home The Bride
Drama,012569431829,1417,DVDW2 41,Taking Lives
Horror,717951004376,1418,GP2 91 92,Tale of The Mummy
Drama,043396089167,1419,S1,Talk to Her
Horror,031398186007,1420,S8,Tamara
Action,027616860354,1421,GP 21 22,Tank Girl
Action,012236142362,1422,S2,Target
Action,687797107695,1423,CDISK3 3,Target
Action,687797601094,1424,388,Target of Opportunity
Drama,031398798828,1425,DVDW1 94,Tart
Animation,786936189360,1426,CDISK2 93,Tarzan 2
Comedy,024543166788,1427,CDISK1 40,Taxi
Comedy,097360251944,1428,CDISK3 7,Team America
Drama,043396097513,1429,S1,Tears of The Sun
Adventure,097360502848,1430,S8,Ten Commandments
Anime,013023000391,1431,PO 29 30,Tenchi The Movie
Anime,013023001398,1432,PO 12 +,Tenchi The Movie 2
Anime,013023026292,1433,PO 41 42,Tenchi The Movie 3
Comedy,678149167924,1434,DVDW2 114,Terminal
Thriller,039414581478,1435,CDISK1 26,Terminal Error
Sci-Fi,014381165128,1436,S11,Terminal Impact
Sci-Fi,014381394924,1437,DVDW2 109,Terminator
Sci-Fi,012236044109,1438,DVDW1 31 CDISK2 120,Terminator 2
Sci-Fi,085392772322,1439,DVDW1 50 51 52 53,Terminator 3
Thriller,758445906127,1440,CDISK1 121,Tesseract
Horror,794043683428,1441,DVDW1 47,Texas Chainsaw Massacre
Horror,N/A,1442,S2,They
Comedy,794043101502,1443,S9,Thing About My Folks
Thriller,687797601292,1444,CDISK3 70,Thing Below
Horror,085392208326,1445,DVDW1 6,Thir13en Ghosts
Action,794043520228,1446,DVDW2 95,Thirteen Days
Mystery,043396028487,1447,CDISK3 95 96,Thirteenth Floor
Romance,027616745224,1448,S5,Thomas Crown Affair
Adventure,043396148253,1449,S9,Three Burials
Horror,031398178002,1450,S12,Three Extremes
Action,085391786221,1451,158,Three Kings
Action,025192843921,1452,156,Throttle
Drama,601641680240,1453,CDISK2 121 122,Throw Down
Action,794043100376,1454,S3,Thunderbolt
Action,696306012825,1455,CDISK2 74,Thursday
Sci-Fi,012569450622,1456,S2,THX 1138
Action,012236122579,1457,RP 35,Ticker
Action,043396066434,1458,GP2 65 66 67 68,Time and Tide
Musical,012414165190,1459,BB 87 88,Time Out With Britney Spears
Animation,024543009245,1460,T1 79,Titan A.E.
Drama,024543005407,1461,T1 88,Titus
Animation,085391157663,1462,,TMNT
Comedy,043396734395,1463,S10,To Die For
Drama,025192025228,1464,DVDW2 79,To Kill A Mockingbird: Collector's Edition
Action,043396118812,1465,164,Today You Die
Action,043396056770,1466,DVDW2 84,Tokyo Raiders
Animation,012569530621,1467,DVDW2 67,Tom and Jerry Greatest Chases
Animation,053939805529,1468,DVDW2 86,Tom and Jerry The Movie
Western,717951000064,1469,BB 119 120,Tombstone
Comedy,043396061477,1470,BB 49,Tomcats
Comedy,097363313144,1471,305,Tommy Boy
Action,027616791528,1472,300,Tomorrow Never Dies
Documentary,026359372629,1473,S12,Too Hot Not To Handle
Documentary,N/A,1474,328,Top Guns Vol. 1: Fighters
Action,085392466221,1475,CDISK3 84,Torque
Comedy,043396081208,1476,347,Tortilla Soup
Action,012236124740,1477,322,Total Recall
Comedy,687797102591,1478,DVDW1 7,Totally Blonde
Animation,786936151053,1479,BO 7,Toy Story
Animation,786936151060,1480,BO 8,Toy Story 2
Crime,085392196227,1481,CDISK3 103,Training Day
Action,014381636222,1482,CDISK2 32,Traitor's Heart
Action,763843804364,1483,GP 51,Trancers
Adventure,796019790390,1484,S9,Transamerica
Action,097363455349,1485,,Transformers
Animation,603497664429,1486,B1,Transformers The Movie
Action,024543219699,1487,CDISK3 121,Transporter 2
Thriller,687797600998,1488,CDISK1 119,Trauma
Documentary,013023016491,1489,DVDW2 52,Travel the World by Train: South America
Action,025192021824,1490,CDISK3 114,Tremors
Comedy,025192029622,1491,BS2 22,Tremors 2: Aftershocks
Action,025192126420,1492,CDISK3 117,Tremors 3
Sci-Fi,031398188506,1493,S9,Triangle
Action,024543237297,1494,S8,Tristan + Isolde
Documentary,B00006FXQO ,1495,S1,Triumph of The Nerds
Action,790357940035,1496,GP 43 44,Tromeo & Juliet
Action,786936161878,1497,GP 49 50,Tron
Action,085392841127,1498,DVDW2 110,Troy
Mystery,031398701538,1499,343,True Crime
Action,6305364648,1500,T1 119,True Lies
Action,085391315827,1501,239,True Romance
Comedy,097363311270,1502,346,Truman Show
Drama,786936205794,1503,BS2 7 8,Tuck Everlasting
Action,667068997620,1504,S11,Tuxedo
Sci-Fi,025192046223,1505,T1 82 T1 89,Twelve Monkeys
Thriller,097363413844,1506,DVDW2 52,Twisted
Comedy,025192849527,1507,S2,Two for The Money
Comedy,085392341825,1508,T1 97,Two Weeks Notice
Action,085391562528,1509,PO 7 8,U.S. Marshals
Action,014381637823,1510,S5,U.S. Seals
Documentary,N/A,1511,S3,UFO Chronicles
Documentary,U434,1512,BC 1 2,UFOs 50 Years of Denial?
Documentary,033937032646,1513,CDISK1 41,UFOs and Aliens
Animation,031398187899,1514,S7,Ultimate Avengers
Action,025192137426,1515,BS3 102,Ultimate Fights From The Movies
Documentary,56775041595,1516,323,Ultimate Strike Force: The Real Top Guns
Supernatural & Paranormal,795243801421,1517,S11,Ultimate UFO Complete Evidence
Sci-Fi,043396145030,1518,S10 CDISK3 105,Ultraviolet
Thriller,786936144772,1519,DVDW2 68,Unbreakable
Documentary,826262000899,1520,CDISK2 58,Unconstitutional
Documentary,826262000493,1521,CDISK2 50,Uncovered: The Whole Truth About the Iraq War
Comedy,031398170051,1522,382,Undead
Action,601643838342,1523,DVDW2 59,Undeclared War
Action,085391366522,1524,RP 47 +,Under Siege 2
Comedy,786936238679,1525,S1,Under Tuscan Sun
Action,786936694963,1526,T1 84,Underclassman
Action,025192245022,1527,PO 16,Undercover Brother
Action,786936734300,1528,S19,Underdog
Drama,00027616921611,1529,190,Undertow
Action,043396031524,1530,S4 DVDW1 25,Underworld
Action,043396144385,1531,S9,Underworld Evolution
Drama,786936207880,1532,CDISK3 90,Undisputed
Documentary,783421265998,1533,CDISK2 89,Universe Within
Action,025192636325,1534,CDISK2 109,Unleashed
Documentary,826663911695,1535,CDISK2 57,Unprecendented: The 2000 Presidential Election
Thriller,025192245527,1536,S5,Unsaid
Documentary,706754,1537,CDISK2 64,Unsolved History: Trojan Horse
Action,1111111111,1538,S5,Untouchables
Horror,043396030916,1539,GP2 20,Urban Legend
Horror,043396113954,1540,155,Urband Legends Bloody Mary
Crime,027616874818,1541,CDISK2 8,Usual Suspects
Crime,043396325296,1542,S2,U-Turn
Horror,043396182882,1543,,Vacancy
Horror,085392118724,1544,GP2 13,Valentine
Animation,786936293173,1545,CDISK3 59,Valiant
Comedy,097363298243,1546,CDISK2 87,Vampire In Brooklyn
Horror,043396108318,1547,CDISK1 125,Vampires Turning
Action,025192326622,1548,CDISK1 59,Van Helsing
Animation,025192451324,1549,DVDW2 35,Van Helsing The London Assignment
Action,024543110408,1550,S1,Vanishing Point
Drama,025192500121,1551,153,Vanity Fair
Action,039414581546,1552,CDISK1 124,Vault
Drama,8902797600000,1553,217,Veer Zaara
Anime,719987228320,1554,BS3 78 79,Venus Wars
Sci-Fi,763843813564,1555,S6,Veronica 2030
Action,631595030686,1556,CDISK3 86,Versus
Fantasy,025192038723,1557,GP2 14,Videodrome
Comedy,786936224719,1558,BC 48 49,View From The Top
Drama,786936242867,1559,352,Village
Drama,097363381747,1560,CDISK1 22,Virgin Suicides
Sci-Fi,025192043123,1561,GP 3,Virus
Action,687797110497,1562,390,Volcano Disaster
Action,024543170464,1563,S3,Volcano High
Comedy,012236189428,1564,S5,Waiting
Drama,043396111059,1565,149,Walk On Water
Action,027616910745,1566,DVDW2 78,Walking Tall
Documentary,024543006312,1567,S1,Wallstreet
Action,678149439229,1568,181,War of The Worlds
Action,9787880700985,1569,CDP1 107,Warriors of Heaven and Earth
Sci-Fi,796019796033,1570,S13,Warriors of Terra
Action,043396100008,1571,DVDW2 94,Wasabi
Action,025192045721,1572,BS 29 30 31,Waterworld
Crime,012236115892,1573,344,Way of The Gun
Action,097363400240,1574,CDISK2 67,We Were Soldiers
Comedy,097363436546,1575,S6,Weather Man
Comedy,794043838026,1576,CDISK3 101,Wedding Crashers
Action,012569506725,1577,DVDW1 46,Westworld
Comedy,025192241024,1578,BB 67,Wet Hot American Summer
Comedy,723952076762,1579,299,What Boys Like
Thriller,667068640625,1580,GP 77 78,What Lies Beneath
Comedy,024543170884,1581,CDISK2 125 126,What The Bleep Do We Know?
Children,014764268125,1582,S8,What's New Scooby-Doo?: Sports Spooktacular Volume 5
Thriller,043396147348,1583,S9,When A Stranger Calls
Documentary,012236120292,1584,BO2 95 96,When Dinosaurs Roamed America
Comedy,027616857804,1585,T1 103,When Harry Met Sally
Action,B00005QIVF,1586,DVDW2 58,Where A Good Man Goes
Documentary,733961727791,1587,S6,Where Are All The UFOs ?
Action,012569518629,1588,DVDW2 108,Where Eagles Dare
Drama,043396138988,1589,S6,Where The Truth Lies
Comedy,043396086593,1590,CDISK1 79,White Chicks
Drama,043396117181,1591,S9,White Countess
Comedy,024543005346,1592,GP2 33 34,White Man Can't Jump
Thriller,025192693120,1593,CDISK1 92,White Noise
Drama,085392341429,1594,BS 11 12 13,White Oleander
Animation,786936073386,1595,S4,Who Framed Roger Rabbit
Horror,824355513820,1596,CDISK3 53,Wickeds
Horror,013131142297,1597,DVDW2 107,Wicker Man
Fantasy,085392229123,1598,GP 17,Willy Wonka & The Chocolate Factory
Comedy,678149167528,1599,DVDW1 83,Win A Date with Tad Hamilton
Action,027616881335,1600,BS 8 9 10,Windtalkers
Fantasy,027616887450,1601,228,Wings of Desire
Horror,012236130529,1602,RP 71 72,Wishmaster
Drama,085391174127,1603,BB 122,Witches of Eastwick
Comedy,786936161816,1604,T1 98,With a Friend Like Harry
Comedy,085391307921,1605,BS3 37,With Honors
Comedy,097363395843,1606,CDISK1 128,Without A Paddle
Misc. DVD,024543090670,1607,S10,Without A Trace
Documentary,014381058420,1608,DVDW2 112,Without Limits NASA Test Projects
Action,687797108593,1609,CDISK1 82,Witness to A Kill
Drama,043396110014,1610,S4,Woodsman
Action,027616813022,1611,CDISK2 91,World Is Not Enough
Adventure,876964000260,1612,S10,World's Fastest Indian
Fantasy,012569596788,1613,S5,Wrath of the Dragon God
Comedy,085391612926,1614,GP 20,Wrongfully Accused
Sci-Fi,086162103940,1615,BP 37 38,X Files Fight The Future
Action,024543091974,1616,DVDW3 10 S11,X2
Sci-Fi,024543006404,1617,201,X-Men
Action,786936203776,1618,BC 47,X-Men The Legend of Wolverine
Animation,085392778928,1619,S3,X-Men: Evolution: EnXpected Changes (Season 1 and 2)
Action,039414581577,1620,DVDW2 113,X-Treme Fighter
Adventure,043396082939,1621,DVDW2 2,XXX
Action,043396102064,1622,396,xXx: State of the Union
Asian,601641617246,1623,CDISK1 126,Yesterday Once More
Romance,085393973728,1624,S5,You Stupid Man
Comedy,097363423041,1625,S6,"Yours, Mine & Ours"
Romance,085391695424,1626,BB 125 126,You've Got Mail
Action,012569591370,1627,DVDW1 12,Yu-Gi-Oh!: The Movie
Action,043396134751,1628,S6,Zathura
Action,786936264531,1629,CDISK1 43 44,Zatoichi: Blind Swordsman
Science Fiction,043396141506,1630,S14,Zoom Academy for Superheroes
Action,031398221807,1631,,War
Western,031398221852,1632,,3:10 to Yuma
Action,043396238183,1633,,Dragon Wars
Comedy,794043106620,1634,,Mr Woodcock
Crime,031398222590,1635,,Shattered
Action,794043112331,1636,,Shoot 'Em Up
Western,014381450224,1637,,Undead or Alive
Action,031398218098,1638,,Delta Farce
Crime,085391139294,1639,,Brave One
Sci-Fi,012569701380,1640,,Invasion
Action,097363303046,1641,,Shooter
Thriller,687797119698,1642,,Contract
Crime,796019794824,1643,,Lucky Number Slevin
Animation,786936727173,1644,,Ratatouille
Children,843501007006,1645,,Welcome to Word World
Action,097363473046,1646,,Beowulf
Adventure,024543444589,1647,,Sunshine
Adventure,786936715781,1648,,Bridge to Terabithia
Action,024543502791,1649,,Hitman
Adventure,024543492177,1650,,Seeker
Romance,794043113451,1651,,Love In The Time of Cholera
Horror,031398226925,1652,,Tooth and Nail
Horror,043396196155,1653,,30 Days of Night
Thrillers,687797111296,1654,,Breed
Thrillers,031398224594,1655,,Chaos
Science Fiction,013131546699,1656,,Man from Earth
Romance,013131526592,1657,,Shanghai Kiss
Shakespeare,013137217494,1658,,MacBeth
Science Fiction,024543509424,1659,,AVP Requiem
Crime,014381487527,1660,,When the Devil Knows Your Dead
Musical,097363500643,1661,,Sweeney Todd
Dancing,097363518648,1662,,How She Move
Action,043396243422,1663,,Hero Wanted
Religion/Spirituality,013137216893,1664,,La Otra Conquis
Bugs,031398218012,1665,,Bug
Science Fiction,097363520641,1666,,Cloverfield
Terrorism,025195005920,1667,,Kingdom
Action,N/A,1668,,Forbidden Kingdom
Science Fiction,096009526191,1669,,Last Sentinel
Thrillers,043396225312,1670,,We Own the Night
Drama,794043106835,1671,,Martian Child
Mystery,786936735390,1672,,National Treasure 2
Thrillers,031398232957,1673,,Rambo
Spoofs,024543519249,1674,,Meet the Spartans
Stalkers,025195034722,1675,,PS2
Supernatural & Paranormal,031398242369,1676,,Eye
FBI,043396191341,1677,,Untraceable
Comedy,025193226822,1678,,I Now Pronounce You Chuck & Larry
Science Fiction,097368920347,1679,,Transformers
Prehistoric Times,085391139683,1680,,10000 BC
Thrillers,043396216167,1681,,Vantage Point
Serial Killers,027616089939,1682,,Mr Brooks
Swordfighting,031398217893,1683,,"Highlander, the Source"
Comedy,013131550191,1684,,Sex and Death 101
Bodyguards,097363440642,1685,,Drillbit Taylor
Music,024543503019,1686,,Alvin and The Chipmank
Action,687797123794,1687,,Black Ops
The Oscars - 2008 Winners,794043120114,1688,,Golden Compass
Action,687797123992,1689,,Blood Brothers
Thieves,031398236108,1690,,Bank Job
Anthologies,031398236160,1691,,Trapped Ashes
Myths & Legends,013137212093,1692,,Beowulf and Grendel
Disney,786936144437,1693,,Great Mouse Detective
Romance,085391139997,1694,,Fools Gold
Sci-Fi,00039414521085,1695,,Planet
Action,039414521122,1696,,Johny Tao
Adventure,024543527527,1697,,Nim's Island
Computer Animation,704400095900,1698,,Vexille
Music,074645019895,1699,,Pink Floyd The Wall
Stoners,794043122934,1700,S18,Harold & Kumar Escape from Guantanamo Bay
National Film Registry,025192039621,1701,,Animal House
Sports,025195043229,1702,,Never Back Down
Comedy,097363456247,1703,,Nacho Libre
Road Trips,786936254884,1704,,Hitchiker to the Galaxy
Myths & Legends,025192017223,1705,,Conan the Destroyer
Animated Feature Films,050086056491,1706,,Little Mermaid
Thrillers,085391183778,1707,,Lost Boys the Tribe
Slasher,096009523398,1708,,Prom Night
Musical,012569512320,1709,,Wizard of Oz
Action,043396243767,1710,,Starship Troopers 3
Thrillers,031398100027,1711,,Restraint
Action,031398236214,1712,,Twin Daggers
Science Fiction,025195015899,1713,,Doomsday
Thrillers,024543526094,1714,,Street Kings
Science Fiction,014381399226,1715,,Webs
Thrillers,039414521160,1716,,Juncture
Children's,024543504924,1717,,Mr. Magorium's Wonder Emporium
Science Fiction,031398100447,1718,,Artifacts
Action,025195017206,1719,,Scorpion King 2
Action,N/A,1720,,Payback
Romance,025195041997,1721,,Baby Mama
Romance,024543526216,1722,,Deception
Comedy,097363507048,1723,,Love Guru
Comedy,043396238688,1724,,You Don't Mess with Zohan
Action,687797121998,1725,,War Inc
Action,686340213531,1726,,Allan Quatermain and the Temple of Skulls
Animation,794043554223,1727,,J.R.R. Tolkien's Lord of the Rings
Adventure,043396184565,1728,DVDW1 66,Water Horse
Animation,097361179544,1729,,Kung Fu Panda
Action,B001CIOCJY,1730,,Sukiyahi Western Django
Action,085391139775,1731,,Get Smart
Superheroes,025195001861,1732,,Hellboy II
Action,097363501541,1733,,Tropic Thunder
Superheroes,043396281257,1734,,Hancock
Crime,687797124999,1735,,Transsiberian
Crime,043396235786,1736,,88 Minutes
Thrillers,025195016674,1737,,Wanted
Science Fiction,024543546757,1738,,Space Chimps
Sci-fi,686340208537,1739,DVDW1 102,War of the World 2
Mystery,024543543787,1740,,X Files I Want to Believe
Animation,097361397849,1741,,Kung Fu Panda: Secrets of the Furious Five
Action,085391176428,1742,,Dark Knight
Mystery,097363492641,1743,,Eagle Eye
Action,,1744,,Babylon A.D.
Action,,1745,,Bangkok Dangerous
Children's,N/A,1746,,Bolt
Action,,1747,,Prince of Caspian
Animation,,1748,,Horton Haus Who
Family,786936764215,1749,,Space Buddies
Comedy,,1750,,Pineapple Express
Comedy,043396274310,1751,,Private Valentine
Science Fiction,786936775129,1752,,Blindness
Doctors & Medicine,796019807500,1753,,Sicko
Romance,024543563716,1754,,Australia
Comedy,00097363433149,1755,,Love Me If You Dare
Crime,031398101529,1756,,Midnight Meat Train
Romance,043396154070,1757,,Stranger Than Fiction
Horror,043396030640,1758,,Vampires
Drama,025192022289,1759,,Twightlight
Drama,097363419945,1760,,Northfolk
Romance,876964001731,1761,,Let the Right One In
Revenge,031398107095,1762,,Punisher War Zone
Music,097363416548,1763,,I'll Sleep When I Am Dead
Drama,097363427148,1764,,United States of Leland
Thrillers,097363408741,1765,,Reckoning
Romance,025192886621,1766,,Something New
Misc. DVD,825341000010,1767,,Reckoning
Romance,024543574842,1768,,Martley and Me
Drama,024543569688,1769,,Day Where the Earth Stood Still
Thrillers,097363500742,1770,,Uninvited
Comedy,081227660321,1771,,Mystery Science Theater 3000: Vol. 5: Disc 4: Touch of Satan
Comedy,081227660321,1772,,Mystery Science Theater 3000: The Brain That Wouldn't Die
Comedy,603497041725,1773,,Mystery Science Theater 3000: Hobgoblins
Vampires,043396272897,1774,,Underworld: Rise of a Lycans
Science Fiction,043396257924,1775,,CJ7
Vampires,883929048830,1776,,True Blood
Action,024543450030,1777,,Perfect Creature
Coming-Of-Age,786936229608,1778,,Blue Car
Mystery,031398109594,1779,,My Bloody Valentine
Action,043396256385,1780,,Mall Cop
Comedy,00602517884595,1781,,Madagascar 2
Adventure,786936769418,1782,,Beverly Hills Chihuahua
Drama,097361430645,1783,,Curious Case of Benjamin Button
Adventure,794043127311,1784,,Inkheart
Sci-Fi,025192027260,1785,,Push
Drama,031398110903,1786,,Haunting In Connecticut
Drama,883929057771,1787,,Watchman
Short,786936787214,1788,,Bedtime Story
Adventure,024543563396,1789,,City of Ember
Adventure,786936787238,1790,,Race to The Witch Mountain
"Action , Adventure , Mini-Series , Science Fiction",043396326804,1791,,Impact
"Romance , Work Sucks , Comedy , Coming-Of-Age , Drama",786936795226,1792,,Adventureland
"Romance , Comedy , Historical / Period Piece",043396309500,1793,,Easy Virtue
"Comedy , Computer Animation , Family , Giant Monsters! , Monsters , Action , Adventure , Aliens , Science Fiction",097361197548,1794,,Monsters vs Aliens
"Mystery , Serial Killers , Thrillers , Detectives , Horror",031398111153,1795,,Horsemen
"TV Movies , Mystery , Animals & Nature , Cartoon Network , Comedy , Family",883929042265,1796,,Scooby-doo The Mystery Begins
"Science Fiction , Thrillers , Action , Adventure , Giant Robots",097363532149,1797,,Transformers Rise of The Fallen
"Revenge , Slasher , Thrillers , Torture , Exploitation , Horror",025192032387,1798,,House on The Left
"Thrillers , Vampires , Action , Foreign , Horror , Japanese",043396309425,1799,,Blood The Last Vampire
"Adventure , Comedy , Historical / Period Piece Sales: Judd Apatow Sale",043396253360,1800,,Year One
,,1801,,Brothers Bloom
,,1802,,Hardwired
Action,,1803,,G.I. Joe The Rise of Cobra
Action,031398112655,1804,,Crank 2 High Voltage
Action,043396297647,1805,,Blood and Bone
Mystery,,1806,,Dark Country
Animation,031398113478,1807,,Battle for Terra
Drama,,1808,,Carrier
Western,,1809,,Mail Order Bride
Action,,1810,,District 9
Drama,,1811,,Trucker
Drama,,1812,,Lornas Silence
Adventure,,1813,,Hangover
Action,,1814,,Taking of Pelham 1 2 3
Mystery,,1815,,Angels & Demon
Action,,1816,,Gamer
Drama,,1817,,Blood Creek
Family,,1818,,Aussie and Ted's Great Adventure
Animation,,1819,,Tinker Bell
Horror,,1820,,Pandorum
,,1821,,He-Man and The Masters of The Universe
,,1822,,Wolverine
Comedy,,1823,,Hannah Montana The Movie
Animation,,1824,,Ponyo
Animation,,1825,CDISK2 55 63,Astroy Boy
Action,,1826,S19,Boondock Saints II
Comedy,,1827,S19,Transylmania
,,1828,CDISK2 39,Defendor
,,1829,,Princess and the Frog
Crime,,1830,CDISK2 73,Bad Lieutenant: Port Of Call New Orleans
,,1831,CDISK2 91,Fallen
,,1832,CDISK2 84,New Daughter
,,1833,CDISK2 90,Staten Island
Drama,,1834,S19,Shutter Island
Animals & Nature,024543672319,1835,S19,Marmaduke
Action,,1836,S19,From Paris With Love
Drama,,1837,S19,Splice
Drama,,1838,S16,After Life
Action,,1839,S19,Sorcerer's Apprentice
Adventure,883904206040,1840,S19,Hot Tub Time Machine
Drama,,1841,S19,Up In The Air
Action,,1842,S19,Karate Kid
Drama,,1843,S19,Pet Cemetary
Comedy,,1844,S19,Get Him to The Greek
Action,,1845,S19,Macgruber
Action,,1846,S19,Other Guys
,,1847,,Daybreakers
Horror,,1848,,Mirrors 2
Adventure,014381223521,1849,S12,Dhund: The Fog
Thrillers,014381673722,1850,DVDW1 65,Lost Tribe
Mystery,,1851,S19,Fourth Kind
Comedy,,1852,S19,Date Night
Horror,,1853,S19,Saw VI
Comedy,097363492344,1854,DVDW1 61,Dinner for Schmucks
Horror,,1855,CDISK2 102,Devil
Action,,1856,B2 CDISK2 96,SALT
Comedy,031398126379,1857,CDISK2 92,Manson
Spoofs & Parodies,796019813396,1858,DVDW1 55,Superhero Movie Extended Edition
Biography,,1859,S19,Social Network
Horror,,1860,CDISK2 101,Metamorphosis
Crime,031398132387,1861,CDISK2 103,Next Three Days
Action,,1862,DVDW1 78,Dragonball: Evolution
Action,,1863,CDISK2 128,Skyline
Documentary,,1864,DVDW1 104,Inconvenience Truth
Road Trips,025192018015,1865,DVDW1 117 118,Sex Drive Unrated
Action,,1866,CDISK2 126,Prince of Persia
Adventure,,1867,DVDW1 77,E.T.
Action,,1868,DVDW1 95,Black Lightning
Science Fiction,876964003605,1869,NG1 1,Monsters Beware
Comedy,025192044250,1870,NG1 5,Little Fockers
Action,025192102998,1871,NG1 2 3,Drive Angry
Adventure,027616073914,1872,NG1 4,Dirty Play
Training,,1873,NG1 6,HTML5 Now
Comedy,031398133995,1874,NG1 13,I Love You Phillip Morris
Action,,1875,NG1 11 12,Ong Bak 3
Crime,,1876,NG1 10,Brotherhood
Crime,,1877,NG1 9,Nick of Time
Action,,1878,NG1 8,Repo Man
Drama,,1879,NG1 14,Gran Torino
Comedy,,1880,NG1 15,3 Idiots
Mystery,,1881,NG1 16,Big Bang
Action,,1882,NG1 17,Hellbinder
Comedy,097360896640,1883,NG1 18,Up In Smoke
